_id,customerId,firstName,lastName,emailAddress,password,mailingAddress,phoneNumber,creditCard
65e723db2b05f3456f8e3be8,1,Renée,Leroux,RenéeLeroux@yahoo.com,o0hWHnDU_mqga6R,33 Cousin Saint-Dominique Nantes 39184,0613917406,6304 3581 8995 8386
65e723db2b05f3456f8e3be9,2,Xénophon,Charpentier,XénophonCharpentier@yahoo.com,xQhnZKa9evhkHYk,09 Alpinien Saint-Séverin Lopezmouth 94160,0614021558,6771 8387 6497 7893360
65e723db2b05f3456f8e3bea,3,Vigile,Lemoine,VigileLemoine@yahoo.com,a42aSGmJ19MaW2P,57 Paris des Saussaies Port Amédée 34898,0704180719,6767-2149-2815-1650
65e723db2b05f3456f8e3beb,4,Mallaury,Denis,MallauryDenis@yahoo.com,TSS8E1jyZLy54i8,64 Barre de la Paix Port Alix 78590,0616294678,4038-1774-2427-5101
65e723db2b05f3456f8e3bec,5,Camélien,Fournier,CamélienFournier@hotmail.com,pE4VpqSByXzDVad,37 François de la Pompe North Adeltrude 12936,0619311813,3529-8554-8494-3013
65e723db2b05f3456f8e3bed,6,Jude,Pierre,JudePierre@yahoo.com,gtNd7_x4laG2hKp,67 Leroux des Lombards South Célienview 09403,0779434089,6517-6298-9384-1840-4489
65e723db2b05f3456f8e3bee,7,Corentine,Adam,CorentineAdam@hotmail.com,TSKOFPHbUK2mk4z,08 Eudes Saint-Honoré North Anne 23623,0715674231,5391-4912-8673-3646
65e723db2b05f3456f8e3bef,8,Mahaut,Philippe,MahautPhilippe@hotmail.com,7UBtuEx_AMzsZ0O,22 Menard Laffitte North Justin 04389,0748540697,6759-7152-4728-3382
65e723db2b05f3456f8e3bf0,9,Fulgence,Bourgeois,FulgenceBourgeois@yahoo.com,f_x9Q19D43181K8,39 Marchal Laffitte Issy-les-Moulineaux 29472,0769750991,3529-8953-8102-2871
65e723db2b05f3456f8e3bf1,10,Marius,Joly,MariusJoly@gmail.com,Gx5e0Xt9eZT1Tvz,40 Brun de Paris Fabricetown 80149,0617183011,5153-9359-6784-2460
65e723db2b05f3456f8e3bf2,11,Aloïs,Fournier,AloïsFournier@yahoo.com,RxnyuLFgFDs6DOf,92 Renard de Montmorency Timothéeshire 41235,0671435784,4688095976082
65e723db2b05f3456f8e3bf3,12,Pie,Andre,PieAndre@hotmail.com,dYt7HEUdkb49S2E,77 Dupuy du Havre North Edmée 20489,0724437664,5020 2230 1870 148967
65e723db2b05f3456f8e3bf4,13,Arielle,Poirier,AriellePoirier@hotmail.com,ezsGE2uwjgAHe1d,22 Yvette Montorgueil Port Irèneshire 13979,0709158987,6387-5436-5954-1941
65e723db2b05f3456f8e3bf5,14,Adalbert,Pons,AdalbertPons@gmail.com,vW75o5sdNBWcuJd,57 Gauthier de Paris Port Athanasie 98267,0664836596,6759-2365-7469-4439-752
65e723db2b05f3456f8e3bf6,15,Jules,Roger,JulesRoger@gmail.com,sR3P5TiNhfUMvPc,37 Leroy des Lombards Guerinshire 50661,0751150469,3708-764117-80765
65e723db2b05f3456f8e3bf7,16,Aymardine,Faure,AymardineFaure@yahoo.com,6t1AZE77B8RIVBd,92 Martin Adolphe Mille Lake Émilieburgh 97651,0732360274,4080650190772
65e723db2b05f3456f8e3bf8,17,Mauricette,Lecomte,MauricetteLecomte@gmail.com,_8v8iW8vf8FpdEc,25 Fidèle Saint-Jacques Alcidieton 51763,0653508074,6385-8094-0178-4505
65e723db2b05f3456f8e3bf9,18,Pascale,Da silva,PascaleDa silva@yahoo.com,j0CRW8iVj41fobb,92 Dubois Saint-Honoré Metz 19171,0797133838,6706 2257 8240 7836
65e723db2b05f3456f8e3bfa,19,Geneviève,Fernandez,GenevièveFernandez@yahoo.com,OdqddbmLBbALU9R,86 Alcibiade Mouffetard Philippefort 07517,0715011686,5400-4199-4456-4593
65e723db2b05f3456f8e3bfb,20,Bernard,Renault,BernardRenault@gmail.com,WYfqPVaRxBnsIzE,06 Thibault de l'Abbaye Ludovicview 37920,0665931560,6759-4689-6465-7467-30
65e723db2b05f3456f8e3bfc,21,Néhémie,Bertrand,NéhémieBertrand@hotmail.com,dAq16bgASSWrRh5,27 Duval Saint-Honoré West Josselin 52828,0625548466,3529-1847-9636-8306
65e723db2b05f3456f8e3bfd,22,Parfait,Charpentier,ParfaitCharpentier@yahoo.com,x24T7EcBXbi0LAd,66 Angèle de la Chaussée-d'Antin New Quiéta 59189,0733214682,3579-5779-5125-8260
65e723db2b05f3456f8e3bfe,23,Amande,Roy,AmandeRoy@hotmail.com,czgTn3uoUjifVR5,23 Leroux des Panoramas Poitiers 10378,0701642669,4148-2202-4258-7161
65e723db2b05f3456f8e3bff,24,Muriel,Gauthier,MurielGauthier@yahoo.com,_I37bn01FRUY3k7,04 Zacharie de l'Odéon Lake Épiphane 24846,0624969709,6706 2367 5388 0416936
65e723db2b05f3456f8e3c00,25,Adeline,Francois,AdelineFrancois@yahoo.com,DsewTvand1SVS_Y,40 Guerin Pierre Charron Noelport 19217,0625235194,6767-1153-1784-8866-937
65e723db2b05f3456f8e3c01,26,Margot,Charpentier,MargotCharpentier@gmail.com,75qibnxQtfq7f4p,50 Picard de Rivoli West Arthurineview 96719,0694803270,6767-1202-5921-0090
65e723db2b05f3456f8e3c02,27,Abigaelle,Leclercq,AbigaelleLeclercq@gmail.com,LI1nHyTT1ZQ7BAJ,54 Guenièvre Saint-Denis East Virginiestad 55861,0647786654,3765-047893-70629
65e723db2b05f3456f8e3c03,28,Jason,Leroux,JasonLeroux@yahoo.com,HATpZW1hAs1j6ta,70 Axel de Montmorency Perezberg 83464,0627846649,3529-0646-8205-0109
65e723db2b05f3456f8e3c04,29,Alaine,Dumont,AlaineDumont@gmail.com,TfDWwEYqi9aKkBi,29 Anicette de Rivoli West Antoinetteland 97086,0636251849,3561-3353-9660-9500
65e723db2b05f3456f8e3c05,30,Henri,Charles,HenriCharles@gmail.com,MGLwBZqkce8ObqK,64 Auriane d'Orsel Limoges 92681,0706521514,3760-151199-81793
65e723db2b05f3456f8e3c06,31,Angilran,Roche,AngilranRoche@hotmail.com,n090ld58BU8MKEm,65 Da silva du Bac Gerardfurt 40657,0650719915,4178197743267
65e723db2b05f3456f8e3c07,32,Guyot,Guerin,GuyotGuerin@gmail.com,fCAL6YhBvjjiHx9,42 Paris Monsieur-le-Prince Séverinton 31800,0734944135,3748-275882-36754
65e723db2b05f3456f8e3c08,33,Laure,Vidal,LaureVidal@gmail.com,CoCCBqXqn4pwcUU,38 Brunet Saint-Bernard South Reine 70796,0798064027,4311-1563-0996-5305
65e723db2b05f3456f8e3c09,34,Judicaël,Gonzalez,JudicaëlGonzalez@gmail.com,i0aigDKNAXYzQRu,05 Dubois de Presbourg South Emma 75561,0657249293,5018-9497-8278-4947
65e723db2b05f3456f8e3c0a,35,Cyrielle,Bourgeois,CyrielleBourgeois@hotmail.com,6yiJ1SzrxTBeffF,62 Corinne Saint-Jacques West Nicolas 09905,0681878602,6771-8992-6250-1583
65e723db2b05f3456f8e3c0b,36,Olivier,Roux,OlivierRoux@gmail.com,D9WhW6N0O0lSR__,47 Lecomte d'Abbeville Xaviertown 32987,0606729822,6759-6426-0386-6113-816
65e723db2b05f3456f8e3c0c,37,Azeline,Arnaud,AzelineArnaud@gmail.com,ankxJfttrf99HxG,94 Dumas du Faubourg Saint-Honoré Calais 89321,0686251402,6759-2798-9208-9834-120
65e723db2b05f3456f8e3c0d,38,Aminte,Andre,AminteAndre@hotmail.com,0kE6cQtFr6edWCh,59 Riviere d'Argenteuil Metz 41602,0728335044,6761 6999 4148 1241
65e723db2b05f3456f8e3c0e,39,Adélaïde,Bourgeois,AdélaïdeBourgeois@hotmail.com,WOffz4kWrqFck_1,53 Gaillard de Nesle Baronview 96624,0657420852,6304-8503-5449-6606
65e723db2b05f3456f8e3c0f,40,Hector,Lefevre,HectorLefevre@yahoo.com,QHJzctD0xGxZZwZ,38 Claudien Saint-Séverin Nanterre 14848,0672104161,6771 8022 8938 4170030
65e723db2b05f3456f8e3c10,41,Céleste,Remy,CélesteRemy@gmail.com,xXs1pH2X1ITQ8vb,34 Nguyen du Dahomey Vitry-sur-Seine 95357,0756885661,6570-2349-9829-4740
65e723db2b05f3456f8e3c11,42,Gilbert,Laurent,GilbertLaurent@yahoo.com,zAxnhmhbAw4DZo0,51 Perrot La Boétie North Fantintown 96852,0730151523,3768-981742-04288
65e723db2b05f3456f8e3c12,43,Clovis,Fontaine,ClovisFontaine@hotmail.com,q3UpkHs_CXhq6F_,55 Colin Dauphine Mamertberg 11452,0747126285,5893 2382 3147 81215
65e723db2b05f3456f8e3c13,44,Eugène,Michel,EugèneMichel@gmail.com,nEe1FV7vasCKQIy,71 Libère du Faubourg Saint-Honoré Vincianefort 42431,0728070711,6486-7849-4524-2904
65e723db2b05f3456f8e3c14,45,Gustave,Huet,GustaveHuet@hotmail.com,nvJmwE5cC37aQyr,16 Lopez du Faubourg-Saint-Denis Merciermouth 07977,0733710264,6395-6348-7228-9772
65e723db2b05f3456f8e3c15,46,Agrippine,Leclerc,AgrippineLeclerc@gmail.com,j6UHUe7oYuotVDI,23 Hubert de la Chaussée-d'Antin South Angilran 22600,0724670281,6759 1240 1452 3197
65e723db2b05f3456f8e3c16,47,Esther,Perrin,EstherPerrin@hotmail.com,Hz1N15VWKQiOPr9,72 Carine de Montmorency Montauban 95671,0768126631,3495-984792-83953
65e723db2b05f3456f8e3c17,48,Victor,Gauthier,VictorGauthier@yahoo.com,OcJHpLeOLz4OF7c,91 Hubert Montorgueil West Bérard 86683,0797681405,6706 8075 1220 7842
65e723db2b05f3456f8e3c18,49,Antonine,Paris,AntonineParis@yahoo.com,DBqfQQcaexourrO,53 Guerin d'Argenteuil Désiréborough 84979,0616811448,3528-8910-3360-1385
65e723db2b05f3456f8e3c19,50,Agrippin,Remy,AgrippinRemy@hotmail.com,KsNOTlfS8OHpC3S,72 Legrand de Presbourg Royerville 94698,0782089551,6771-8992-3448-1189
65e723db2b05f3456f8e3c1a,51,Candide,Roy,CandideRoy@hotmail.com,Sc4mmqQJtCWfT9d,17 Arcadie Pastourelle South Véronique 82264,0742678729,3448-309792-18291
65e723db2b05f3456f8e3c1b,52,Maxime,Rousseau,MaximeRousseau@yahoo.com,Li1fJGRV5eUcesU,70 Colin du Chat-qui-Pêche North Flore 25725,0667052384,5018 0559 2705 39629316
65e723db2b05f3456f8e3c1c,53,Anaëlle,Martinez,AnaëlleMartinez@gmail.com,anpoD1VVyQx_i54,43 Césaire de la Ferronnerie Denisburgh 33477,0670395181,3529-5711-9985-9978
65e723db2b05f3456f8e3c1d,54,Axel,Renaud,AxelRenaud@gmail.com,PMbNLEo5Lwbxsf8,93 Astrée de Rivoli Sophiestad 75623,0659217751,3486-570248-22597
65e723db2b05f3456f8e3c1e,55,Bruno,Lecomte,BrunoLecomte@gmail.com,2UNXtbJk46UblXA,09 Clio de Montmorency Matthieuside 82612,0623442098,3711-172681-87070
65e723db2b05f3456f8e3c1f,56,Alphée,Dupont,AlphéeDupont@yahoo.com,rDAvetsWEffN50V,42 Adelin de la Huchette Amalianeborough 93695,0634366414,4096275359097
65e723db2b05f3456f8e3c20,57,Matthieu,Laine,MatthieuLaine@gmail.com,MZXQ1rzrhzxsS8V,09 Pierre de la Victoire South Jeannot 91334,0689594648,6767-0181-5643-3845-716
65e723db2b05f3456f8e3c21,58,Coralie,Lemoine,CoralieLemoine@yahoo.com,GyXoCJvkQcTdalS,39 Perceval du Havre Perezland 67269,0774413496,3490-966946-62511
65e723db2b05f3456f8e3c22,59,Guenièvre,Riviere,GuenièvreRiviere@gmail.com,ff720Iv7w5zuoLe,06 Girard du Chat-qui-Pêche Chambéry 34406,0729967077,6376-3405-6629-5625
65e723db2b05f3456f8e3c23,60,Ophélie,Berger,OphélieBerger@yahoo.com,CHurYFjkcRnsPdg,93 Blanchard de la Bûcherie New Amaryllisberg 05798,0619456032,3529-1795-3112-6165
65e723db2b05f3456f8e3c24,61,Pascale,Roger,PascaleRoger@hotmail.com,hQn6ca6SyuPu4ep,40 Riviere Saint-Dominique South Sylviane 13727,0606653327,3529-7496-6348-9629
65e723db2b05f3456f8e3c25,62,Annabelle,Lucas,AnnabelleLucas@hotmail.com,7ar3m0xtsn95w3S,73 Berger Dauphine Arnaudtown 18260,0723298092,5462-6398-0395-9480
65e723db2b05f3456f8e3c26,63,Chrétien,Dupont,ChrétienDupont@hotmail.com,bt31mpo4jQJSbCb,54 Ségolène de la Bûcherie Aurianeland 20946,0771246766,6478-1428-7130-6561
65e723db2b05f3456f8e3c27,64,Sandrine,Dufour,SandrineDufour@yahoo.com,2gQUKzAiUSTtWD9,90 Melchior de l'Abbaye South Mauricette 92916,0646250511,3528-5595-2387-1780
65e723db2b05f3456f8e3c28,65,Anstrudie,Simon,AnstrudieSimon@yahoo.com,5R15N36BPqF1tWn,49 Sigebert Vaneau Port Anicetmouth 98917,0664710512,3528-9490-4058-6361
65e723db2b05f3456f8e3c29,66,Alaine,Rolland,AlaineRolland@gmail.com,mg42R7MhusPtTmr,06 Audran Zadkine Fort-de-France 98936,0645724714,6767-9977-9132-7314-53
65e723db2b05f3456f8e3c2a,67,Michaël,Perrin,MichaëlPerrin@yahoo.com,GacFeduumksZiZB,75 Laine Saint-Denis East Abdonieside 65979,0753084866,3528-3989-8462-5773
65e723db2b05f3456f8e3c2b,68,Théophraste,Petit,ThéophrastePetit@yahoo.com,esOTo1ci5TCe9sd,66 Muller de Caumartin New Rosaliemouth 06890,0757346861,3528-6537-6147-7578
65e723db2b05f3456f8e3c2c,69,Alizé,Garnier,AlizéGarnier@yahoo.com,aDDPUgAZS05lsZy,41 Grégoire Saint-Honoré Denisport 46103,0628161620,6011-9946-8476-7120
65e723db2b05f3456f8e3c2d,70,Marthe,Cousin,MartheCousin@yahoo.com,mYvcX1oenz2EE_c,31 Leroy de Caumartin Garciaview 74259,0652378859,5038 1074 5930 1578131
65e723db2b05f3456f8e3c2e,71,Alizé,Denis,AlizéDenis@gmail.com,7fhZVl4CuK2FfwZ,03 Richard de la Paix Lake Réjeanne 79849,0691292442,5489-6194-5237-2667
65e723db2b05f3456f8e3c2f,72,Arthurine,Prevost,ArthurinePrevost@hotmail.com,tZ8U3Kf3drnlQwZ,95 Lemoine Mouffetard Gonzalezbury 41126,0716782631,6759-6385-3481-0576
65e723db2b05f3456f8e3c30,73,Adrehilde,Olivier,AdrehildeOlivier@yahoo.com,G2NgPTjuIlcvFNd,92 Muller Saint-Jacques Lake Noémie 81568,0733288474,6011-6248-8609-7919-7530
65e723db2b05f3456f8e3c31,74,Alizé,Lefebvre,AlizéLefebvre@gmail.com,q_02udH3Qp9xMnl,22 Henry Marcadet New Judithton 21250,0608847463,6759-0863-1211-2636-179
65e723db2b05f3456f8e3c32,75,Estelle,Gerard,EstelleGerard@gmail.com,tYF5CvJYjqgzuff,92 Bertille de la Ferronnerie Port Émeric 17805,0633007892,5436-4309-5655-4794
65e723db2b05f3456f8e3c33,76,Théodose,Rodriguez,ThéodoseRodriguez@gmail.com,DwL71Iq4Pzcui86,57 Lopez de Seine Lerouxchester 53658,0665604864,5018 6824 8908 073007
65e723db2b05f3456f8e3c34,77,Géraud,Morin,GéraudMorin@yahoo.com,LOZL3Pp93lBuuR7,56 Lemaire Pierre Charron West Ève 05728,0727648696,3728-758911-25248
65e723db2b05f3456f8e3c35,78,Sarah,Petit,SarahPetit@hotmail.com,LMz1Ka8DNXFwido,42 Andrée de la Ferronnerie Innocentbury 49462,0641583444,6597-4655-7440-9568
65e723db2b05f3456f8e3c36,79,Agathon,Rousseau,AgathonRousseau@hotmail.com,2qV1LV3bEv1mZcs,84 Deschamps Charlemagne Francoismouth 84259,0702308389,5020 0728 3284 01855247
65e723db2b05f3456f8e3c37,80,Agilbert,Rodriguez,AgilbertRodriguez@hotmail.com,tSGraBIbLhqWxUD,30 Léa Saint-Denis Hermineberg 45977,0607679154,6473-6283-5759-7169-3937
65e723db2b05f3456f8e3c38,81,Iris,Philippe,IrisPhilippe@hotmail.com,vDtQnRjjnkOWk4X,68 Eustache de l'Odéon Adelland 49701,0677705513,6759-8117-6299-9353
65e723db2b05f3456f8e3c39,82,Léonne,Dubois,LéonneDubois@gmail.com,PrHqBsHykFrEL6t,36 Maugis Lepic Prevostmouth 65454,0656903871,3777-793806-84082
65e723db2b05f3456f8e3c3a,83,Auxence,Leclerc,AuxenceLeclerc@yahoo.com,H29uf8MW0aGDyvj,94 Toussaint d'Argenteuil Florencefort 68823,0722875631,3551-6625-0256-4592
65e723db2b05f3456f8e3c3b,84,Anne,Julien,AnneJulien@gmail.com,olOhZNjdWncjNa0,68 Agilberte du Faubourg-Saint-Denis Scholastiquefurt 30883,0754105150,3528-8753-1702-3945
65e723db2b05f3456f8e3c3c,85,Catherine,Martinez,CatherineMartinez@yahoo.com,rzYWqm7RnfgcGly,01 Doriane du Faubourg Saint-Honoré Tours 56562,0761778221,6496-8392-5860-1161
65e723db2b05f3456f8e3c3d,86,Victor,Renaud,VictorRenaud@gmail.com,SVwIMS3DYbnyvV8,51 Sauveur de la Chaussée-d'Antin Nanterre 37498,0621467477,6767-3534-9013-4066
65e723db2b05f3456f8e3c3e,87,David,Louis,DavidLouis@hotmail.com,UfsNfAO6kFoADQW,41 Adalbert d'Orsel West Jehannechester 78128,0600233852,6759-8427-8289-3320
65e723db2b05f3456f8e3c3f,88,Douce,Muller,DouceMuller@gmail.com,opR8tDTheNNytka,82 Brunet du Dahomey West Mélisandeton 30154,0783284325,3037-445858-5000
65e723db2b05f3456f8e3c40,89,Elsa,Vidal,ElsaVidal@yahoo.com,xhyQKbPBC9OavQo,50 Colin Marcadet North Gatien 21745,0688165936,3725-085483-86499
65e723db2b05f3456f8e3c41,90,Flavie,Lambert,FlavieLambert@yahoo.com,t_raywUI1s7uRad,85 Constantin Laffitte Montpellier 87969,0606926894,3025-341050-5023
65e723db2b05f3456f8e3c42,91,Raymond,Jean,RaymondJean@yahoo.com,1GNkqUfrotjXxgq,47 Julien Du Sommerard Boulogne-Billancourt 01489,0639827067,3680-483990-4615
65e723db2b05f3456f8e3c43,92,Clarisse,Gaillard,ClarisseGaillard@hotmail.com,NZdQWZ2AX8u2_nB,"51 Florent, de la Victoire Dumastown 15450",0772929127,6759-7231-1251-8755
65e723db2b05f3456f8e3c44,93,Waleran,Mercier,WaleranMercier@yahoo.com,fF_ZElgvkal8h0Z,13 Martine La Boétie Justefurt 12956,0795942814,6762-0183-2616-3226
65e723db2b05f3456f8e3c45,94,Leufroy,Thomas,LeufroyThomas@hotmail.com,cbSvqKDMGJ9MAWR,77 Justine Bonaparte Strasbourg 36507,0610756818,6466-6222-8036-8387-1659
65e723db2b05f3456f8e3c46,95,Agneflète,Dumas,AgneflèteDumas@yahoo.com,q5JDWVw9b3Z6CyF,48 Barbier Saint-Bernard Robertfurt 64379,0737285343,6394-3160-5675-8890
65e723db2b05f3456f8e3c47,96,Élisabeth,Fabre,ÉlisabethFabre@gmail.com,w2sZl7qIytIZMzf,54 Breton de Solférino Sixteport 81645,0738464785,6011-5633-0275-0030
65e723db2b05f3456f8e3c48,97,Jocelyne,Jean,JocelyneJean@hotmail.com,o5p7QgoZIxXiYCS,35 Zéphirin d'Abbeville Lake Frédériquetown 68342,0635571517,6392-6439-0436-8115
65e723db2b05f3456f8e3c49,98,Hélène,Poirier,HélènePoirier@yahoo.com,lQa7azq3hBGps7X,66 Émeline d'Assas Martinezstad 55404,0625498077,3037-217761-9112
65e723db2b05f3456f8e3c4a,99,Armine,Bonnet,ArmineBonnet@gmail.com,WXZjQJCv4hIH__n,13 Francia de Paris North Guyside 85648,0647422093,6759-5719-3980-4672-458
65e723db2b05f3456f8e3c4b,100,Barbe,Philippe,BarbePhilippe@gmail.com,qqldGiGFv1LJcoj,74 Bourgeois de Paris Cômeport 58153,0690050121,3570-7703-1011-8686
65e723db2b05f3456f8e3c4c,101,Maximilien,Perrot,MaximilienPerrot@yahoo.com,VVNz5VDZSijgvmC,11 Audouin Pierre Charron Lake Lucille 40998,0672306937,5038 1519 8975 616614
65e723db2b05f3456f8e3c4d,102,Raphaël,Guerin,RaphaëlGuerin@yahoo.com,K86NaZwVdo0Gk6X,27 Lemaire du Bac North Swassanestad 09064,0786261323,6709 4632 6831 841988
65e723db2b05f3456f8e3c4e,103,Gabin,Schneider,GabinSchneider@gmail.com,hDNJxx54AmRsaTQ,02 Pierre Saint-Dominique Amandinbury 17751,0609443316,6374-2266-6923-9059
65e723db2b05f3456f8e3c4f,104,Émeric,Leclercq,ÉmericLeclercq@hotmail.com,HZ_g8ukwIk7Ljfq,23 Émeric Monsieur-le-Prince Lake Xavierberg 12756,0690098587,6759-2331-0576-0171-58
65e723db2b05f3456f8e3c50,105,Amandine,Laine,AmandineLaine@gmail.com,uX_txYjfFqdsvZH,48 Fleury Saint-Séverin Port Leu 00094,0795992673,4750445498397
65e723db2b05f3456f8e3c51,106,Albert,Moulin,AlbertMoulin@hotmail.com,aJ5NHI2Qxqt_pn1,77 Alphonse de l'Odéon East Agilberte 47498,0732177732,6011-6218-4197-6033-9250
65e723db2b05f3456f8e3c52,107,Coraline,Durand,CoralineDurand@yahoo.com,bcbaVDMf7ihawgy,34 Adhémar Delesseux Justinborough 59997,0631892428,6011-6288-1832-9372-1740
65e723db2b05f3456f8e3c53,108,Falba,Masson,FalbaMasson@hotmail.com,v24bAfTLpiowDHm,03 Marcelin du Faubourg Saint-Honoré Le Mans 38051,0633781306,6759-2655-1753-0744
65e723db2b05f3456f8e3c54,109,Brunehaut,Legrand,BrunehautLegrand@gmail.com,11RVblEkPylP9fp,24 Lemaire Delesseux Hildebertbury 86464,0679257710,6767-1884-0914-1896-079
65e723db2b05f3456f8e3c55,110,Basilisse,Joly,BasilisseJoly@hotmail.com,erIosFTQ3qe_YHn,30 Japhet Oberkampf West Sibylleville 92540,0768984277,6759-8636-3018-8417-01
65e723db2b05f3456f8e3c56,111,Noëlle,Garnier,NoëlleGarnier@yahoo.com,oCAp5Sxg9Muun53,32 Francois Adolphe Mille Henryshire 76954,0749578284,3529-4178-2207-9731
65e723db2b05f3456f8e3c57,112,Aurèle,Marchal,AurèleMarchal@gmail.com,cKE4RVYsnnwB2Th,97 Giraud d'Alésia South Aubebury 21932,0611336667,6767-5129-3506-8824-584
65e723db2b05f3456f8e3c58,113,Alexandre,Denis,AlexandreDenis@yahoo.com,q4SQCaVqexYq_ic,57 Guillaume de Tilsitt Sarcelles 44216,0721920971,6767-4475-3568-8122-551
65e723db2b05f3456f8e3c59,114,Armel,Rousseau,ArmelRousseau@gmail.com,baj5zHzUIgwMT9q,90 Clement Lepic Aymonside 88489,0656050248,6304 0337 1183 0062
65e723db2b05f3456f8e3c5a,115,Mayeul,Menard,MayeulMenard@gmail.com,sEiaG1VfyVlRAZX,65 Mayeul Adolphe Mille Chevalierberg 92047,0601978690,4363116495732
65e723db2b05f3456f8e3c5b,116,Léonie,Riviere,LéonieRiviere@hotmail.com,ti3YlaM0SndXv07,61 Constantin Royale Pereztown 47949,0707179776,5276-7807-3478-3080
65e723db2b05f3456f8e3c5c,117,Sixtine,Blanc,SixtineBlanc@gmail.com,JnhGlmfjiaAFK7C,91 Gaspar Adolphe Mille South Tiphaine 07677,0739722902,6771-8915-6702-4530
65e723db2b05f3456f8e3c5d,118,Bénédicte,Colin,BénédicteColin@hotmail.com,rdyZ83qLukZ8Gaq,09 Dupuy de Solférino Lake Danielton 80739,0695991462,3528-5498-3438-3068
65e723db2b05f3456f8e3c5e,119,Arthur,Guillot,ArthurGuillot@yahoo.com,860sIZ2Q6_C6iOg,95 Blaise Joubert Brunshire 63456,0703982835,6377-4184-9420-9218
65e723db2b05f3456f8e3c5f,120,Aurèle,Nguyen,AurèleNguyen@yahoo.com,jcQZNNbcJQcNWWh,57 Azalée Marcadet Célestechester 21175,0660694754,6388-9667-2934-6545
65e723db2b05f3456f8e3c60,121,Sabine,Roy,SabineRoy@hotmail.com,VnnxWhXqm4dPunx,80 Gaillard de la Bûcherie South Zoéva 71697,0745994684,3489-522684-23119
65e723db2b05f3456f8e3c61,122,Julien,Marchand,JulienMarchand@hotmail.com,dDc_feZUw2Dx1d_,50 Robin Saint-Jacques Aubryview 90257,0603072524,6372-8089-4086-1833
65e723db2b05f3456f8e3c62,123,Mélisande,Fabre,MélisandeFabre@yahoo.com,mK3iCtiF4ou5Gwo,13 Lopez Oberkampf Saint-Quentin 89397,0649195150,3550-9486-8686-3909
65e723db2b05f3456f8e3c63,124,Adélaïde,Le gall,AdélaïdeLe gall@gmail.com,n2qthoMS5TnGuvQ,30 Alix d'Argenteuil Blanchardmouth 08322,0799410969,3664-851069-7327
65e723db2b05f3456f8e3c64,125,Michèle,Lemaire,MichèleLemaire@gmail.com,cLG6xK7G_nubSPP,79 Josse de Richelieu West Auxence 53503,0669114419,6759-1664-5564-2875
65e723db2b05f3456f8e3c65,126,Suzon,Duval,SuzonDuval@yahoo.com,VKrsSCosJhDnWrr,10 Robin Royale North Arabelletown 04899,0650623144,6387-5617-2830-2578
65e723db2b05f3456f8e3c66,127,Briac,Garnier,BriacGarnier@yahoo.com,htOfAAwitiIy7TV,14 Auguste du Faubourg-Saint-Denis Marceauhaven 86438,0765791457,6304 1184 4607 7897
65e723db2b05f3456f8e3c67,128,Mayeul,Renaud,MayeulRenaud@yahoo.com,tmgOiAWZEPN0MVQ,37 Blanchard du Faubourg Saint-Honoré South Juste 77168,0652002822,5018 6645 4148 21039411
65e723db2b05f3456f8e3c68,129,Amaranthe,Olivier,AmarantheOlivier@hotmail.com,iCpDs3BrkkuXVjm,28 Arnaud Delesseux Rolandechester 80101,0747294415,3775-842127-28139
65e723db2b05f3456f8e3c69,130,Anastase,Robert,AnastaseRobert@hotmail.com,jczpO9PFG7HDess,97 Arnould Saint-Séverin Murielberg 32270,0602121855,6771 7192 1580 4005
65e723db2b05f3456f8e3c6a,131,Iseult,Blanchard,IseultBlanchard@hotmail.com,hS1UMLddgmzJtbO,96 Durand Saint-Honoré Lorient 27298,0719466286,6767-8543-8703-8238-78
65e723db2b05f3456f8e3c6b,132,Frédéric,Huet,FrédéricHuet@yahoo.com,53aDD8doipPSKSw,85 Denis Bonaparte Vidalburgh 00612,0602431361,6371-3625-5004-3408
65e723db2b05f3456f8e3c6c,133,Scholastique,Martinez,ScholastiqueMartinez@yahoo.com,fTqIDpmDkp_NaSl,37 Roy La Boétie Éliemouth 51467,0664637173,6767-7831-5741-2779-822
65e723db2b05f3456f8e3c6d,134,Valentine,Vidal,ValentineVidal@yahoo.com,fHYm18iLDOftG1Y,60 Zacharie du Faubourg-Saint-Denis Fleuryview 81905,0757251930,3461-975311-18334
65e723db2b05f3456f8e3c6e,135,Ludivine,Clement,LudivineClement@yahoo.com,nBQ6HmIWF6gHikj,86 Mamert des Lombards Amiens 22194,0740386252,3540-0726-3053-6884
65e723db2b05f3456f8e3c6f,136,Nicolas,Nguyen,NicolasNguyen@hotmail.com,FTjm0Mc_lsxa1mW,12 Virginie de Paris Montauban 41144,0681099590,4734-4132-3312-0486
65e723db2b05f3456f8e3c70,137,Gertrude,Fournier,GertrudeFournier@hotmail.com,g0k4q6owJj_Uhxs,62 Gaston de Nesle Silvèrefurt 20446,0779891234,6759-6610-2361-0107-51
65e723db2b05f3456f8e3c71,138,Jules,Meunier,JulesMeunier@hotmail.com,iGmUCT2VOigm9qD,02 Garcia Mouffetard South Théophraste 44618,0772006818,6585-2055-4137-7007
65e723db2b05f3456f8e3c72,139,Fanny,Simon,FannySimon@hotmail.com,SmAdB2aFw1MOcrM,72 Agnan Oberkampf Lénaport 12945,0633470668,6767-1005-8931-8197-04
65e723db2b05f3456f8e3c73,140,Mégane,Thomas,MéganeThomas@hotmail.com,kFtYOz3z4gFPIMS,15 Manassé du Dahomey Tourcoing 57004,0705299261,4453-8548-4842-6167
65e723db2b05f3456f8e3c74,141,Argine,Rousseau,ArgineRousseau@yahoo.com,ALhWRw0eT9thCfU,69 Riviere de l'Odéon Armelfort 30817,0656231964,6011-7999-6162-2633
65e723db2b05f3456f8e3c75,142,Blandine,Pons,BlandinePons@hotmail.com,XNUqgxz79rX3zzu,67 Martin Saint-Jacques New Jeannel 44775,0759939268,6011-6261-0393-6439-1396
65e723db2b05f3456f8e3c76,143,Gerberge,Menard,GerbergeMenard@yahoo.com,qb9CvibY1PR9py8,51 Nguyen de la Bûcherie New Édouardborough 25035,0659776690,6304 6386 8563 997354
65e723db2b05f3456f8e3c77,144,Étienne,Blanchard,ÉtienneBlanchard@hotmail.com,y_K3N5HN4z9a460,15 Guillot Delesseux Cannes 02514,0733503902,3529-6647-9072-6728
65e723db2b05f3456f8e3c78,145,Sandrine,Thomas,SandrineThomas@gmail.com,p8cJyxWXEQYOMyx,02 Mercier Royale Lake Bérangèrebury 92695,0731923668,3528-1032-9732-6810
65e723db2b05f3456f8e3c79,146,Ariel,Martin,ArielMartin@yahoo.com,Qur7fhaZlZonwb_,38 Lemaire du Faubourg-Saint-Denis Port Philippe 81592,0784863813,3449-692637-79224
65e723db2b05f3456f8e3c7a,147,Marion,Charpentier,MarionCharpentier@yahoo.com,f6jIZOA4wuW7xiq,88 Andre Charlemagne Vitry-sur-Seine 93402,0612777508,6759-2050-9197-8438
65e723db2b05f3456f8e3c7b,148,Angilberte,Bourgeois,AngilberteBourgeois@hotmail.com,3vnLSoqAGlfA46O,62 Lambert de Richelieu Fleurport 09825,0635498442,6767-9449-9838-7043-33
65e723db2b05f3456f8e3c7c,149,Arnould,Mathieu,ArnouldMathieu@gmail.com,2e2MNImGO3SLG5m,44 Guyot du Faubourg-Saint-Denis Pau 58909,0667084164,6304 9909 4115 52550
65e723db2b05f3456f8e3c7d,150,Alexis,Olivier,AlexisOlivier@yahoo.com,JAH3rJRib5dMQwL,43 Moulin de la Paix Xavièreland 97450,0643335901,3529-7725-4087-4613
65e723db2b05f3456f8e3c7e,151,Léopold,Baron,LéopoldBaron@hotmail.com,BrVW4rJaRD4lxAs,75 Douce de Tilsitt East Alcide 22002,0637100476,6488-6283-6931-5825-6995
65e723db2b05f3456f8e3c7f,152,Azeline,Henry,AzelineHenry@gmail.com,8fwfwhdtmlDY6a6,17 Cassandre Zadkine Pessac 93689,0749510978,3755-663451-45691
65e723db2b05f3456f8e3c80,153,Chrysole,Guyot,ChrysoleGuyot@hotmail.com,_wi4vHY1UiNvuiN,57 Dumont de la Paix Port Moïse 36084,0697034176,6462-7237-5585-4162
65e723db2b05f3456f8e3c81,154,Christine,Lopez,ChristineLopez@gmail.com,bDvZBeRIltP5c9b,57 Liétald Bonaparte Champigny-sur-Marne 50774,0775232868,6759-2002-9900-9155
65e723db2b05f3456f8e3c82,155,Dorine,Le gall,DorineLe gall@yahoo.com,PaYXXqs266Dj8X9,48 Sylvie Delesseux Rachidstad 73478,0636084203,6374-9399-2830-7010
65e723db2b05f3456f8e3c83,156,Véronique,Moreau,VéroniqueMoreau@gmail.com,22C1qHKDaBfm034,76 Prevost de Solférino Port Antoine 52960,0749254132,6767-3544-2895-2028-05
65e723db2b05f3456f8e3c84,157,Adolphie,Royer,AdolphieRoyer@yahoo.com,M2f9OuUvWzeXVBh,47 Renard Pastourelle Roubaix 96758,0625263354,6759-9176-0073-2376-60
65e723db2b05f3456f8e3c85,158,Nicéphore,Rodriguez,NicéphoreRodriguez@hotmail.com,FIM6bCP4UCQ9ACk,41 Bertrand d'Argenteuil East Axeline 01157,0721276442,6771-8939-2628-3928
65e723db2b05f3456f8e3c86,159,Michel,Dupuy,MichelDupuy@gmail.com,_Kx_O0EPzWvRbVU,75 Gervais des Saussaies Boulogne-Billancourt 56862,0710608249,6386-0912-3161-0748
65e723db2b05f3456f8e3c87,160,Pierrick,Meyer,PierrickMeyer@gmail.com,atxbsKewe2dNWGO,83 Picard de Presbourg West Camillebury 67127,0635343647,3528-6196-1062-5669
65e723db2b05f3456f8e3c88,161,Claudine,Brunet,ClaudineBrunet@gmail.com,3EvvtnDrM_mBC_L,73 Gautier Dauphine West Claudien 24614,0638641878,3438-261175-58769
65e723db2b05f3456f8e3c89,162,Christiane,Lucas,ChristianeLucas@gmail.com,GTGl_99GlAfigO8,16 Yvette de Caumartin Blanchardborough 10902,0635708840,3529-6944-5026-7434
65e723db2b05f3456f8e3c8a,163,Alcine,Meunier,AlcineMeunier@yahoo.com,LcU5ys8JVkEYofk,98 Almine du Faubourg Saint-Honoré Lake Huguettefort 43952,0761030626,6585-6226-1646-8173-5218
65e723db2b05f3456f8e3c8b,164,Zacharie,Guillaume,ZacharieGuillaume@gmail.com,0cGRyu9HzjL4b2a,41 Alaïs de la Victoire Eudoxestad 53404,0665387278,6474-7116-3566-8096
65e723db2b05f3456f8e3c8c,165,Acanthe,Benoit,AcantheBenoit@hotmail.com,uHNtk9AyoAqpGUD,83 Néhémie de Rivoli Port Lucienne 43675,0687370058,6709 4062 4943 6926
65e723db2b05f3456f8e3c8d,166,Martine,Menard,MartineMenard@gmail.com,RkdHlIJ8vksdPVc,51 Benoit Montorgueil Philomènefurt 70275,0718154916,6706 4282 7363 409273
65e723db2b05f3456f8e3c8e,167,Théodore,Bourgeois,ThéodoreBourgeois@yahoo.com,TLyZwQlB9NptBDL,76 Chevalier des Saussaies Lake Léandrebury 36893,0640336180,6370-6168-2283-2069
65e723db2b05f3456f8e3c8f,168,Fantin,Philippe,FantinPhilippe@yahoo.com,myO1iColA8IBAeZ,09 Bertrand Du Sommerard South Mamert 14142,0730077266,6767-0663-5724-8009-16
65e723db2b05f3456f8e3c90,169,Julia,Arnaud,JuliaArnaud@yahoo.com,tMbPnsPJ152Vn0A,94 Léon Saint-Jacques Strasbourg 25535,0649916534,6759-2174-2808-0966
65e723db2b05f3456f8e3c91,170,Auriane,Lemoine,AurianeLemoine@gmail.com,9UF1G1jGUse5rXo,88 Lemoine Oberkampf West Ghislain 40895,0626631506,6376-1455-5933-0541
65e723db2b05f3456f8e3c92,171,Auguste,Simon,AugusteSimon@gmail.com,OfeZ9IkDgbIEOVm,25 Lacroix Adolphe Mille North Céleste 18832,0792682565,6771 4802 9188 8537
65e723db2b05f3456f8e3c93,172,Hippolyte,Brun,HippolyteBrun@hotmail.com,cr5C6h5E1X9_iJL,17 Catherine Laffitte Grenoble 37304,0784372106,6771-8906-5475-6879
65e723db2b05f3456f8e3c94,173,Coralie,Benoit,CoralieBenoit@hotmail.com,aadoIaqt6lkqf9J,62 Ulysse du Chat-qui-Pêche Port Cassienfort 70989,0712471772,6771 9509 7315 6264515
65e723db2b05f3456f8e3c95,174,Francette,David,FrancetteDavid@yahoo.com,Djgbfdc8uzD13TH,90 Julia d'Orsel North Chrysoleside 13176,0724845314,3463-536216-07700
65e723db2b05f3456f8e3c96,175,Anceline,Da silva,AncelineDa silva@gmail.com,SdYuFFSQ7wT4qry,40 Séverin du Faubourg-Saint-Denis North Philibertside 62125,0793162223,6767-9628-2767-2814-06
65e723db2b05f3456f8e3c97,176,Antonin,Martinez,AntoninMartinez@hotmail.com,eAgJNcAqOU1XSU2,98 Petit Dauphine Annabelleburgh 59273,0660474120,5441-7784-7689-0143
65e723db2b05f3456f8e3c98,177,Adhémar,Legrand,AdhémarLegrand@gmail.com,HfsqqNCOPsERFa1,73 Dupont Saint-Dominique Nanterre 26069,0791991620,3472-049812-47226
65e723db2b05f3456f8e3c99,178,Ophélie,Rey,OphélieRey@hotmail.com,GYWHtzrV8aQ0fwN,63 Fontaine de la Paix Aimableside 65242,0779757081,6376-1156-7377-6620
65e723db2b05f3456f8e3c9a,179,Pulchérie,Carpentier,PulchérieCarpentier@yahoo.com,lYs4RRNhlOjVPr4,08 Fleury d'Abbeville Adalbaldview 58681,0680570030,4901222826892
65e723db2b05f3456f8e3c9b,180,Fleur,Blanchard,FleurBlanchard@gmail.com,beWJVW3C1xVgF8F,75 Simon d'Abbeville Albertetown 71015,0679297218,6771-8996-0880-6106
65e723db2b05f3456f8e3c9c,181,Mahaut,Vincent,MahautVincent@yahoo.com,gqqJfELd8DyfmUw,91 Cyprien des Rosiers Anicetteborough 58701,0722807791,6011-9681-6803-4381
65e723db2b05f3456f8e3c9d,182,Faustine,Leclerc,FaustineLeclerc@hotmail.com,pdk2DVQYt9YrR1D,41 Louis Dauphine South Alcideberg 68924,0605043059,6396-7991-3796-8935
65e723db2b05f3456f8e3c9e,183,Rémi,Brun,RémiBrun@hotmail.com,peaWNNeiHGgcUWW,27 Oriane des Lombards West Sylvieshire 22657,0631518851,6375-0952-4668-9673
65e723db2b05f3456f8e3c9f,184,Savinien,Morel,SavinienMorel@gmail.com,OPKVVSTKGhb0wnI,82 Meyer de Caumartin Beuveside 39965,0721532362,3572-5868-7019-2109
65e723db2b05f3456f8e3ca0,185,Esther,Marie,EstherMarie@gmail.com,bSFzaWzyNR7OpyR,59 Adalsinde Montorgueil Gonzalezland 23217,0799308501,6304 9718 5408 0365
65e723db2b05f3456f8e3ca1,186,Agathe,Lopez,AgatheLopez@yahoo.com,ncoze34VPiHPrOx,78 Emmanuel de Vaugirard Andocheburgh 98026,0602067393,4644145848215
65e723db2b05f3456f8e3ca2,187,Clélie,Lopez,ClélieLopez@hotmail.com,g7mso3nQRJS0wWR,55 Barbier de la Pompe Josephland 01540,0677217758,5038 7257 3343 2790
65e723db2b05f3456f8e3ca3,188,Fabien,Lefevre,FabienLefevre@yahoo.com,EDnKE730G62vUXH,04 Renard des Panoramas North Stanislasview 13363,0790541049,6759-3789-1606-2425
65e723db2b05f3456f8e3ca4,189,Bastien,Noel,BastienNoel@gmail.com,8Tn6jeWUf69hQGq,90 Roussel de Presbourg Louisfurt 21517,0702720131,4650-0015-7274-1671
65e723db2b05f3456f8e3ca5,190,Mégane,Remy,MéganeRemy@hotmail.com,ci3ISMH8xFQhrHX,07 Athalie Saint-Honoré Meunierport 97359,0677113711,6706 1156 2938 9778030
65e723db2b05f3456f8e3ca6,191,Guilhemine,Barbier,GuilhemineBarbier@gmail.com,sxzRO_rRs6o4sro,24 Caron de la Pompe North Joël 70357,0619341219,3408-695854-17648
65e723db2b05f3456f8e3ca7,192,Clarisse,Barbier,ClarisseBarbier@hotmail.com,vuJhZVYaTVOwh11,22 Gaillard Delesseux Lake Gustavefurt 68924,0676242755,6759-9674-7061-5284-786
65e723db2b05f3456f8e3ca8,193,Mauricette,Roussel,MauricetteRoussel@hotmail.com,FhmCXHqtFl8kOL3,78 Gisèle de la Harpe Aix-en-Provence 11227,0694134714,6388-1637-8229-7009
65e723db2b05f3456f8e3ca9,194,Blanche,Hubert,BlancheHubert@gmail.com,kZcZGMxbdgA_NL0,84 Dieudonné de la Bûcherie Tourcoing 51917,0746144825,6767-6788-1817-1867
65e723db2b05f3456f8e3caa,195,Ameline,Bourgeois,AmelineBourgeois@hotmail.com,rk0egamtzmZCDwF,84 Aubry Montorgueil North Catherineside 89224,0715924667,6709 8607 1861 4049
65e723db2b05f3456f8e3cab,196,Armelle,Richard,ArmelleRichard@yahoo.com,s3Vqic5GGfQHiV8,58 Guerin Monsieur-le-Prince Séverinfort 79410,0670325123,6304 8925 1182 9855
65e723db2b05f3456f8e3cac,197,Morgane,Le gall,MorganeLe gall@hotmail.com,FQNTK19dZvqV8cf,24 Benoit La Boétie South Valérybury 37513,0767436689,3528-7601-3941-0516
65e723db2b05f3456f8e3cad,198,Lionel,Martin,LionelMartin@hotmail.com,herCLw61Qj0uF01,21 Coline Joubert East Armelle 22423,0637379527,3558-5530-6321-3035
65e723db2b05f3456f8e3cae,199,Alphonse,David,AlphonseDavid@yahoo.com,xhwKrMpMQu24P5N,44 Vidal de Nesle New Vianney 62899,0682201378,6767-4974-2452-5927-378
65e723db2b05f3456f8e3caf,200,Archange,Caron,ArchangeCaron@hotmail.com,jah6tn_pXUa2wU9,50 Fabien Zadkine South Valentinshire 36004,0768856440,6394-4928-0912-8263
65e723db2b05f3456f8e3cb0,201,Rodrigue,Lecomte,RodrigueLecomte@hotmail.com,CjjfqoCN1kHqDoC,87 Blanchard Molière Drancy 65627,0721211550,3529-6106-1690-0456
65e723db2b05f3456f8e3cb1,202,Aricie,Lecomte,AricieLecomte@hotmail.com,9RKCLKTE3dWOcsV,50 Noel d'Alésia Barreberg 21494,0680599086,5491-0447-6337-2639
65e723db2b05f3456f8e3cb2,203,Arsinoé,Aubert,ArsinoéAubert@gmail.com,M7BAFACwDm4UgJe,95 Roger des Saussaies South Annetown 42671,0752834778,6771-8920-5033-7633
65e723db2b05f3456f8e3cb3,204,Eusèbe,Muller,EusèbeMuller@yahoo.com,D3XzKUPFpbALfw6,65 Pons de Rivoli Royfort 53521,0617551966,6771 4048 6839 5732262
65e723db2b05f3456f8e3cb4,205,Victorien,Garcia,VictorienGarcia@hotmail.com,ROZjpnXpiJlKCPx,57 Picard Adolphe Mille Aquilineland 99854,0686252306,6373-0211-7095-3055
65e723db2b05f3456f8e3cb5,206,Philothée,Collet,PhilothéeCollet@gmail.com,X2Hlh_74aSCrDZj,59 Dupuis du Faubourg-Saint-Denis Le rouxmouth 46794,0636773498,6771 5584 0424 3532
65e723db2b05f3456f8e3cb6,207,Coraline,Blanchard,CoralineBlanchard@yahoo.com,_gQ2TFcT4Z4Cl4U,12 Armance du Chat-qui-Pêche New Colin 97540,0620720070,4765453268571
65e723db2b05f3456f8e3cb7,208,Arabelle,Da silva,ArabelleDa silva@gmail.com,CaViXOEF3f0n0Tq,47 Lazare de la Chaussée-d'Antin Emmanuellebury 23907,0701268087,3529-7185-7935-1201
65e723db2b05f3456f8e3cb8,209,Cassandre,Duval,CassandreDuval@gmail.com,eFfj4Ija1aeTW66,46 Arlette de la Chaussée-d'Antin West Mérovée 99364,0799027659,6396-7248-1879-6076
65e723db2b05f3456f8e3cb9,210,Assomption,Meunier,AssomptionMeunier@hotmail.com,V7VP9yiA2q51cDk,67 Dumas Delesseux Adalardhaven 41287,0707556747,3030-334778-1963
65e723db2b05f3456f8e3cba,211,Corinne,Cousin,CorinneCousin@yahoo.com,vxU0RIZVs2pwSTF,06 Alberte des Rosiers North Alixville 05548,0789356546,6759-5353-4073-2789-299
65e723db2b05f3456f8e3cbb,212,Ange,Boyer,AngeBoyer@gmail.com,iOg3iuP1rb2FRHZ,25 Edmond des Saussaies Port Éloïseberg 86328,0737798799,6771-8964-4193-9757
65e723db2b05f3456f8e3cbc,213,Adalbald,Paul,AdalbaldPaul@yahoo.com,cWhbpjPN7zNmq2W,34 Leclercq de Caumartin Drancy 50173,0791540069,6771 3099 6445 432005
65e723db2b05f3456f8e3cbd,214,Aimée,Schmitt,AiméeSchmitt@gmail.com,GKuWeJPnGd_xF8o,06 Charpentier de Paris Girardhaven 15467,0745978981,6383-2312-8433-1530
65e723db2b05f3456f8e3cbe,215,Angilran,Moreau,AngilranMoreau@gmail.com,QC_4QRq_hH_MNM3,32 Vidal Zadkine Leclercfurt 80633,0779433853,5291-3298-7392-3116
65e723db2b05f3456f8e3cbf,216,Arthaud,Richard,ArthaudRichard@hotmail.com,ujlrI729qywuNNK,56 Jacquet La Boétie New Emmelie 20302,0724860355,6771-8925-6854-6568
65e723db2b05f3456f8e3cc0,217,Pierrick,Lopez,PierrickLopez@yahoo.com,wCUHIkEK3pcSQs2,89 Bernard Saint-Jacques Davidmouth 09669,0646802271,3531-4981-3310-0269
65e723db2b05f3456f8e3cc1,218,Gilbert,Gonzalez,GilbertGonzalez@gmail.com,Iuah4qcE2JuPhy6,74 Moïsette de l'Abbaye Rogerburgh 61518,0752345721,6011-6297-0138-5815-4828
65e723db2b05f3456f8e3cc2,219,Eustache,Michel,EustacheMichel@yahoo.com,iBjLfoAvM_7ma2N,04 Fabre du Bac Blanchardshire 03655,0765722100,3528-9416-3413-3676
65e723db2b05f3456f8e3cc3,220,Nicéphore,Renault,NicéphoreRenault@hotmail.com,2UwpT9BLjcG7hdO,38 Caribert de la Victoire Girardland 09471,0708391566,6767-2810-7563-6611
65e723db2b05f3456f8e3cc4,221,Rachid,Brun,RachidBrun@yahoo.com,fopEM3vUVVSqBuh,79 Girard de Solférino Ozanneville 13870,0741481894,6771 9162 8391 4020661
65e723db2b05f3456f8e3cc5,222,Ambre,Riviere,AmbreRiviere@gmail.com,I5jGro1i_3EF36h,92 Olivier des Saussaies Gautierborough 32109,0703451893,5038 6430 3481 4326933
65e723db2b05f3456f8e3cc6,223,Arlette,Schneider,ArletteSchneider@hotmail.com,CXwtInsRrS8EgNC,12 Camélien Saint-Jacques North Ludivine 48085,0611894018,5428-7655-1557-3753
65e723db2b05f3456f8e3cc7,224,Wandrille,Gauthier,WandrilleGauthier@gmail.com,sRGz8CfKZ78YkDH,80 Lacroix Saint-Séverin Davidchester 30135,0678475859,3424-272835-55134
65e723db2b05f3456f8e3cc8,225,Adegrine,Charles,AdegrineCharles@hotmail.com,uSg9Hm2xfZw25Lp,22 Marie du Bac East Élisabethtown 35008,0606766469,4395070111618
65e723db2b05f3456f8e3cc9,226,Abélard,Gaillard,AbélardGaillard@gmail.com,9QTFlMXr8ReR9Bp,84 Gaillard Bonaparte North Reine 33817,0609278103,5327-7363-4570-2153
65e723db2b05f3456f8e3cca,227,Silvère,Carre,SilvèreCarre@gmail.com,vkCtVRo6bBdYjx_,28 Julien des Lombards Gontranberg 97366,0704702292,6767-7751-1573-1081-793
65e723db2b05f3456f8e3ccb,228,Pétronille,Breton,PétronilleBreton@gmail.com,dYU7gGXiV8km3Nv,96 Menard de Montmorency Nguyenland 77200,0626762865,6771-8957-7345-5204
65e723db2b05f3456f8e3ccc,229,Althée,Michel,AlthéeMichel@yahoo.com,YNfgL2cd_7MV4zr,44 Adolphie de Paris Colletmouth 56539,0600203536,4417-9530-2614-5933
65e723db2b05f3456f8e3ccd,230,Loup,Poirier,LoupPoirier@gmail.com,v7LSgZvSV10FCph,04 Naudet de l'Odéon East Alaineland 43015,0641144065,4381110862455
65e723db2b05f3456f8e3cce,231,Tristan,Lemoine,TristanLemoine@hotmail.com,wRCcnmGvQrputJn,56 Amante Mouffetard Dufourport 88560,0720799551,6709 1477 2391 027557
65e723db2b05f3456f8e3ccf,232,Aldonce,Sanchez,AldonceSanchez@yahoo.com,3EvRMOd6ceOtqQD,39 Flavie Saint-Honoré South Albert 32767,0774539511,6759-2125-8940-5127-90
65e723db2b05f3456f8e3cd0,233,Albéric,Dupont,AlbéricDupont@hotmail.com,VpzSDMrb3S5oTx3,67 Jourdain des Francs-Bourgeois Vincentbury 58105,0794018193,3490-976986-38808
65e723db2b05f3456f8e3cd1,234,Véronique,Fournier,VéroniqueFournier@yahoo.com,qnTpwYuPfB0qsIv,44 Christine du Dahomey East Cassandre 95013,0759039294,3763-484612-74907
65e723db2b05f3456f8e3cd2,235,Hector,Barbier,HectorBarbier@gmail.com,WwEXTVDqAOSIhUT,49 Roselin Saint-Dominique Arnaudton 50747,0668820849,6771-8956-3128-9540
65e723db2b05f3456f8e3cd3,236,Anastase,Masson,AnastaseMasson@yahoo.com,ROpyy6ym1AaDHL0,46 Remy Saint-Bernard Cholet 67551,0790276789,6759-6147-3407-6061-41
65e723db2b05f3456f8e3cd4,237,Eudoxie,Pons,EudoxiePons@gmail.com,5hBeO7P74mgCtv6,10 Laine d'Abbeville West Denis 14745,0618158680,6767-5118-9484-0979-74
65e723db2b05f3456f8e3cd5,238,Coline,Bertrand,ColineBertrand@yahoo.com,BDu4RFzopkll398,58 Anicet de Tilsitt Arsinoéville 64169,0771739906,6771-8946-4457-4966
65e723db2b05f3456f8e3cd6,239,Venceslas,Charpentier,VenceslasCharpentier@yahoo.com,Wx6Ndc4OPDKDGhT,54 Cyriaque de la Victoire Vincentfort 86029,0786429003,6370-6695-5399-2911
65e723db2b05f3456f8e3cd7,240,Julie,Leroux,JulieLeroux@hotmail.com,KBUVkJzJVK08qKy,70 Giraud Saint-Jacques East Firmin 66372,0683497795,5020-1169-2365-1627
65e723db2b05f3456f8e3cd8,241,Honorine,Michel,HonorineMichel@hotmail.com,N6UlzP3FU0a5lEV,90 Évariste de Montmorency Saint-Denis 41088,0622034484,4130-6590-0044-4673
65e723db2b05f3456f8e3cd9,242,Xavière,Lambert,XavièreLambert@gmail.com,1AGj5_W6FXwjmI7,49 Carpentier Dauphine East Liétaldchester 74447,0616351024,4877-6083-1779-1614
65e723db2b05f3456f8e3cda,243,Basile,Jacquet,BasileJacquet@gmail.com,KMY2l2jrnd9MYot,64 Martin de Nesle Saint-Paul 17171,0778164241,3026-328538-5494
65e723db2b05f3456f8e3cdb,244,Philomène,Paris,PhilomèneParis@yahoo.com,U3uXlVVSKPRlc4M,66 Amour des Lombards Félicitéville 80217,0743852970,6379-5655-2469-3567
65e723db2b05f3456f8e3cdc,245,Maureen,Perrin,MaureenPerrin@yahoo.com,HiiSgHFMhlhHxjt,19 Marcelin Laffitte Cergy 48851,0663854381,6383-2355-3385-8870
65e723db2b05f3456f8e3cdd,246,Denis,Lecomte,DenisLecomte@gmail.com,zM_ydgpLlma1wMq,69 Louis Delesseux Reytown 80675,0767471082,6759-1157-5337-6740-242
65e723db2b05f3456f8e3cde,247,Aurèle,Aubert,AurèleAubert@gmail.com,XIeg9fL6UrvZb8c,79 Albéric des Lombards Port Séverin 94300,0758833606,6771-8982-3553-9892
65e723db2b05f3456f8e3cdf,248,Aude,Henry,AudeHenry@yahoo.com,uBiy5vAUemWuLHL,15 Côme Saint-Denis Dupuyhaven 41055,0709552885,6706 9577 1686 3219111
65e723db2b05f3456f8e3ce0,249,Antonine,Aubert,AntonineAubert@hotmail.com,Z9STt3a5Cbd_WSN,08 Anémone Delesseux East Désiré 30423,0783124816,3529-6824-1273-5816
65e723db2b05f3456f8e3ce1,250,Muriel,Maillard,MurielMaillard@hotmail.com,cEZBRSAIGEwfGIY,16 Le gall Mouffetard East Zéphirin 68584,0680879137,5018-7549-7782-2763
65e723db2b05f3456f8e3ce2,251,Aphélie,Breton,AphélieBreton@gmail.com,F1vj_Ps7uXttk9n,19 Fontaine Du Sommerard West Julie 12983,0745035306,6479-6234-8641-6741-1706
65e723db2b05f3456f8e3ce3,252,Gondebaud,Pons,GondebaudPons@gmail.com,mDhr1gFIdrko4jd,40 Miriam Saint-Bernard Pascalland 87870,0718731178,6390-7897-2223-7038
65e723db2b05f3456f8e3ce4,253,Adéodat,Perrin,AdéodatPerrin@gmail.com,83UVvGni8S5ua9a,24 Fabre Montorgueil Odonside 38260,0734806236,5567-6920-8698-5751
65e723db2b05f3456f8e3ce5,254,Amalric,Fleury,AmalricFleury@gmail.com,kL4zNOpwtfvytln,61 Anaëlle d'Alésia Pierrickfort 31915,0682565045,6759-8784-5075-1898-66
65e723db2b05f3456f8e3ce6,255,Amarande,Guillot,AmarandeGuillot@gmail.com,DCS5gdF2NAWLU6h,42 Hubert d'Orsel East Emma 33437,0784686100,6762 0396 7194 380780
65e723db2b05f3456f8e3ce7,256,Améliane,Guyot,AmélianeGuyot@gmail.com,pwJTZNqc6qGq7Yg,47 Bourgeois Molière Huetstad 71650,0765088611,6767-7087-9719-0146-981
65e723db2b05f3456f8e3ce8,257,Eubert,Marchal,EubertMarchal@yahoo.com,D5jDhRIAeR7xqax,56 Ambroisie des Panoramas Lefebvreport 57662,0614958351,6759-6571-4668-0686-005
65e723db2b05f3456f8e3ce9,258,Célien,Martinez,CélienMartinez@gmail.com,Iyr9xrVtNo8aI6y,70 Oriande Adolphe Mille Lake Sixte 65147,0759828872,3528-8264-0006-0688
65e723db2b05f3456f8e3cea,259,Benjamin,Philippe,BenjaminPhilippe@yahoo.com,sy9MiEgXMzyGyw_,74 Hermine Molière Valéryfort 69701,0723045876,3456-786328-58754
65e723db2b05f3456f8e3ceb,260,Jonathan,Bourgeois,JonathanBourgeois@hotmail.com,SNVwRCPXxjMe2tn,61 Joly de Provence Port Yseultbury 35261,0690265596,4749-7145-9380-4681
65e723db2b05f3456f8e3cec,261,Anastase,Morin,AnastaseMorin@yahoo.com,uA7y24BWSGhcSre,60 Abraham d'Orsel West Eubert 06182,0622936984,6709 0471 3306 567931
65e723db2b05f3456f8e3ced,262,Jason,Martinez,JasonMartinez@hotmail.com,IWCXUw9HcB_BFYC,38 Philippe du Bac West Parfaittown 48224,0759322019,6304 9310 4745 0305
65e723db2b05f3456f8e3cee,263,Agathe,Louis,AgatheLouis@hotmail.com,CVFbg8wZUyN4vzH,74 Pons Charlemagne Troyes 30537,0627828197,5893-5447-7703-7052
65e723db2b05f3456f8e3cef,264,Léopoldine,Cousin,LéopoldineCousin@yahoo.com,BICKTHInKKRU2Xm,92 Foulques de la Ferronnerie Morelfort 28456,0772683474,6771 2736 4506 9283162
65e723db2b05f3456f8e3cf0,265,Daniel,Faure,DanielFaure@yahoo.com,qNAsNrTaINSqXD_,22 Aveline de Richelieu Port Gaspard 07520,0653230473,6767-9809-0939-9900-727
65e723db2b05f3456f8e3cf1,266,Ancelin,Jacquet,AncelinJacquet@hotmail.com,10cVo3kAZBfa5ks,35 Guerin de Rivoli Port Cédric 00983,0626108213,6771 2397 4447 4269
65e723db2b05f3456f8e3cf2,267,Albane,Le gall,AlbaneLe gall@hotmail.com,ouDYZRBjPyVRjN2,90 Auxence de Seine Chevalierberg 73923,0791362428,3618-485963-8722
65e723db2b05f3456f8e3cf3,268,Iris,Le roux,IrisLe roux@gmail.com,n4oeYG7xbsXXQvR,07 Angilberte Saint-Séverin West Oriande 18564,0756101291,6385-0922-4154-9537
65e723db2b05f3456f8e3cf4,269,Aristide,Guillot,AristideGuillot@gmail.com,XFVufgGFHefnBz0,64 Anthelmette du Chat-qui-Pêche Caronchester 67332,0795660384,6767-2047-3291-6678-98
65e723db2b05f3456f8e3cf5,270,Swassane,Renault,SwassaneRenault@gmail.com,U2NhQeD9PHfXe04,11 Poirier Marcadet Lake Solangetown 17737,0642233010,6374-8432-1355-0789
65e723db2b05f3456f8e3cf6,271,Laurence,Baron,LaurenceBaron@hotmail.com,0HHtMsbevgzhQTY,14 Denis de l'Abbaye New Michèle 54802,0774314733,3528-3577-3384-3002
65e723db2b05f3456f8e3cf7,272,Victorin,Schmitt,VictorinSchmitt@gmail.com,aJ85Iv2pHqMzhVQ,70 Bonnet d'Assas North Muriel 72208,0778165277,5038 4344 6209 44440549
65e723db2b05f3456f8e3cf8,273,Girart,Le gall,GirartLe gall@yahoo.com,kwSFu3K2vrNrsc2,03 Adalbald de Seine Fourniershire 71229,0718374336,6442-5864-1608-9630
65e723db2b05f3456f8e3cf9,274,Cassien,Maillard,CassienMaillard@gmail.com,u_CYE6Hf6Ns3wPE,91 Prevost La Boétie Benjaminhaven 70281,0683016101,6709 1324 4219 3605
65e723db2b05f3456f8e3cfa,275,Sauveur,Leroy,SauveurLeroy@hotmail.com,gWvGRv8l20obvDN,91 Baron de Solférino Alcineborough 87363,0641277040,6386-9220-6444-1056
65e723db2b05f3456f8e3cfb,276,Paterne,Baron,PaterneBaron@yahoo.com,S1VVe4c_fLHykhV,73 Savin du Havre West Angilbeburgh 11935,0742122449,6767-2295-9559-1223-43
65e723db2b05f3456f8e3cfc,277,Titien,Dumas,TitienDumas@gmail.com,qC1nau2acfqZZCi,24 Ambroisie d'Abbeville Dunkerque 26372,0631262752,6771 0554 4344 0752796
65e723db2b05f3456f8e3cfd,278,Régis,Fontaine,RégisFontaine@yahoo.com,ysGuXszvdjdRQAE,43 Roy Vaneau Agrippinburgh 73080,0610055816,3499-027580-39862
65e723db2b05f3456f8e3cfe,279,Justin,Louis,JustinLouis@gmail.com,SfkUAITq3xR3CY4,21 Rey Saint-Jacques Adalbéronland 06308,0741733891,6399-4496-5920-1134
65e723db2b05f3456f8e3cff,280,Abelin,Moulin,AbelinMoulin@hotmail.com,Qy6npQjB5labfTM,62 Lorraine du Faubourg-Saint-Denis Romaneview 69503,0722966471,5414-7505-5515-7028
65e723db2b05f3456f8e3d00,281,Amélien,Le gall,AmélienLe gall@gmail.com,8n8BNmGcfqGWwpC,08 Adegrin de Rivoli Saint-Quentin 72844,0610765223,6767-0603-6214-4059-73
65e723db2b05f3456f8e3d01,282,Oriande,Garnier,OriandeGarnier@gmail.com,RwcVP8VbaM5NWqi,30 Gontran Dauphine West Bernadette 38217,0701977105,3048-015572-4840
65e723db2b05f3456f8e3d02,283,Corentine,Bernard,CorentineBernard@hotmail.com,CVrK0s9F3PEgJlp,12 Fortuné de la Pompe Françoisview 70197,0600082661,6542-6294-9275-0812-5531
65e723db2b05f3456f8e3d03,284,Hardouin,Renaud,HardouinRenaud@yahoo.com,r6pEeYwrAd7RbEM,61 Sarah Joubert Saint-Paul 76539,0770897216,6767-6936-3094-7683-060
65e723db2b05f3456f8e3d04,285,Abelin,Michel,AbelinMichel@hotmail.com,LXwUrPbr00w7NNE,56 Lefebvre de la Ferronnerie Oliviermouth 98294,0644199315,4321510182981
65e723db2b05f3456f8e3d05,286,Julia,Guyot,JuliaGuyot@gmail.com,ZAswIqRCyJjsZ1j,89 Prosper du Faubourg-Saint-Denis Poitiers 30057,0689526101,6759-5214-3763-3507-95
65e723db2b05f3456f8e3d06,287,Tiphaine,Dupont,TiphaineDupont@hotmail.com,2TDph3m2IL92VoF,86 Ozanne Molière Martinfurt 13491,0648396535,6771 4009 9165 9669
65e723db2b05f3456f8e3d07,288,Mayeul,Hubert,MayeulHubert@hotmail.com,sm5ysq43E0q5sZG,22 Arthurine de Vaugirard Armancechester 10373,0695535500,4987089371351
65e723db2b05f3456f8e3d08,289,Gontran,Le gall,GontranLe gall@hotmail.com,n5gMUUwCbTpFPXF,66 Martin de Presbourg Lake Jeannel 07244,0605471731,6304 7802 5249 6489
65e723db2b05f3456f8e3d09,290,Job,Garcia,JobGarcia@yahoo.com,Wb1AhXAkl9NO3JQ,41 Brunet Adolphe Mille Magaliport 65077,0773711175,6759 2135 5775 67800
65e723db2b05f3456f8e3d0a,291,Joël,Renaud,JoëlRenaud@hotmail.com,7Rkz4mVPVHVSoC5,21 Garcia Dauphine Yoannshire 97506,0711840153,6763 1909 5120 346068
65e723db2b05f3456f8e3d0b,292,Emmanuel,Benoit,EmmanuelBenoit@yahoo.com,NOBDF0HzFw3xpoq,39 Azalée de la Paix Petitborough 10850,0691079956,6759-6221-4717-5753
65e723db2b05f3456f8e3d0c,293,Gerbert,Fournier,GerbertFournier@yahoo.com,NBcTwws4Ylo_AKq,21 Fernandez Bonaparte East Germaine 51733,0661529562,6759-0071-1076-2442-21
65e723db2b05f3456f8e3d0d,294,Camillien,Masson,CamillienMasson@gmail.com,UW9E6SDUcHWyZY1,70 Cassandre Lepic Mulhouse 56442,0601020343,3481-123338-63995
65e723db2b05f3456f8e3d0e,295,Girart,Roger,GirartRoger@yahoo.com,bvadgKBl2g8ImNc,13 Rodriguez des Rosiers South Rita 45898,0637651367,6759-9143-3236-6481-181
65e723db2b05f3456f8e3d0f,296,Reybaud,Leroux,ReybaudLeroux@gmail.com,XmeCs4JlK57SLor,21 Paulette des Panoramas Garnierside 97218,0618713336,3528-8118-2187-8007
65e723db2b05f3456f8e3d10,297,Raymonde,Lemaire,RaymondeLemaire@gmail.com,WBW0tWyMBvzBowc,70 Sandra du Faubourg Saint-Honoré Jonathanborough 59041,0737463078,5544-9380-5103-1461
65e723db2b05f3456f8e3d11,298,Savinien,Duval,SavinienDuval@gmail.com,NhJjq7V9_Y8L4B1,73 Achaire Marcadet Marthefort 61933,0677697133,6767-3087-8534-1318-19
65e723db2b05f3456f8e3d12,299,Avigaëlle,Nguyen,AvigaëlleNguyen@yahoo.com,BamkhhBcjJG8cnv,24 Leroy de Caumartin Florianburgh 76026,0671562537,3056-204262-0406
65e723db2b05f3456f8e3d13,300,Sibylle,Francois,SibylleFrancois@yahoo.com,V3vBoEB2IxdTHmL,07 Eudoxe d'Orsel West Léonardmouth 79739,0663949329,6759-9763-8547-4577-412
65e723db2b05f3456f8e3d14,301,Mélisande,Riviere,MélisandeRiviere@hotmail.com,YjUGp4oJ1RSA_Ke,17 Éleuthère de Montmorency Issy-les-Moulineaux 52952,0786397109,4334-3102-2729-5296
65e723db2b05f3456f8e3d15,302,Athanasie,Guerin,AthanasieGuerin@hotmail.com,7USiq5FaNf5iek_,68 Barnabé de Vaugirard East Mariehaven 84808,0775063154,3560-3151-5590-5276
65e723db2b05f3456f8e3d16,303,Abdon,Lemaire,AbdonLemaire@gmail.com,sy_a53BlpnoYZBH,62 Florence Delesseux Justinstad 93637,0784843828,5419-4211-4155-5361
65e723db2b05f3456f8e3d17,304,Guy,Lopez,GuyLopez@gmail.com,51YWSRIZidJkSzv,96 Bathilde de Tilsitt Port Rémi 99576,0612311022,6011-6276-2251-4428-9546
65e723db2b05f3456f8e3d18,305,Adalric,Colin,AdalricColin@gmail.com,AINBYoVcccbGSdz,15 Annonciade de la Pompe East Océaneberg 74636,0781388654,4942-1574-3395-7900
65e723db2b05f3456f8e3d19,306,Damien,Martin,DamienMartin@gmail.com,opz1pNc1AiyrSqc,85 Olivier de Presbourg New Edmond 43285,0765365542,5020 5387 8736 6382
65e723db2b05f3456f8e3d1a,307,Timoléon,Roux,TimoléonRoux@gmail.com,kLmOl8eGJ5qwQUZ,32 Gerard Saint-Séverin Colmar 20513,0694791069,5018 9680 2575 4758
65e723db2b05f3456f8e3d1b,308,Jourdain,Renaud,JourdainRenaud@hotmail.com,OFbPPtMOg7FU563,31 Gaël Royale West Renéfurt 83353,0647193851,6399-0642-0055-8421
65e723db2b05f3456f8e3d1c,309,Frédérique,Royer,FrédériqueRoyer@yahoo.com,33QeeSgFQq9F4Mz,75 Le roux de Seine Corinnetown 58529,0620537291,3736-776623-36819
65e723db2b05f3456f8e3d1d,310,Paulette,Baron,PauletteBaron@hotmail.com,1k3DS5PIvy29AqO,49 Morel Saint-Séverin Georgesfurt 83147,0638691597,3444-867179-22839
65e723db2b05f3456f8e3d1e,311,Simone,Lemaire,SimoneLemaire@hotmail.com,c4nKiVJl9NA2WrX,47 Yves des Lombards Arianeburgh 42179,0742275720,6759-4835-4781-2488-66
65e723db2b05f3456f8e3d1f,312,Charline,Baron,CharlineBaron@yahoo.com,NSsEdpJmLXmfRdV,46 Athalie Saint-Honoré North Martin 30632,0731223152,6767-2222-2899-8340
65e723db2b05f3456f8e3d20,313,Arolde,Maillard,AroldeMaillard@gmail.com,RBcjwmLfx2nhv38,83 Moulin Lepic Geoffroyview 75131,0752472181,3020-312050-0697
65e723db2b05f3456f8e3d21,314,Scholastique,Jacquet,ScholastiqueJacquet@hotmail.com,tUdz2ccETK37sBu,18 David de la Ferronnerie East Athanase 18870,0706768349,6767-1374-6368-7093-85
65e723db2b05f3456f8e3d22,315,Andrée,Breton,AndréeBreton@gmail.com,lFK6CGQIC0vIv9F,95 Oriane La Boétie Lambertfurt 33610,0780796406,3054-850209-4228
65e723db2b05f3456f8e3d23,316,Xavière,Nguyen,XavièreNguyen@gmail.com,Z3xj0YPDLTPlt0j,06 Bérangère du Dahomey Lyon 64055,0767781019,3588-6297-1748-7399
65e723db2b05f3456f8e3d24,317,Gilbert,Da silva,GilbertDa silva@yahoo.com,cleVBuGpkdT3wfm,64 Marie Montorgueil East Aymonfurt 39287,0762014551,3529-4509-4123-7932
65e723db2b05f3456f8e3d25,318,Améthyste,Marty,AméthysteMarty@gmail.com,RX24gezu5iUVANy,70 Perrin d'Assas Laurinestad 48069,0623118258,3055-095553-4528
65e723db2b05f3456f8e3d26,319,Jérôme,Lemoine,JérômeLemoine@gmail.com,KtBrTldaJ8UhHb_,45 Arielle Montorgueil Béziers 61775,0754335663,6771 3763 7191 922513
65e723db2b05f3456f8e3d27,320,Bernard,Martinez,BernardMartinez@yahoo.com,zngEe3Lec1oUknz,30 Aude de la Victoire South Isabelle 31891,0678382581,3767-100058-62608
65e723db2b05f3456f8e3d28,321,Swassane,Roche,SwassaneRoche@yahoo.com,kyI0AGEbY2Qnh13,96 Jocelyne Du Sommerard Fantineburgh 83655,0759809434,6495-6243-7588-6184-7394
65e723db2b05f3456f8e3d29,322,Élia,Bourgeois,ÉliaBourgeois@hotmail.com,c8nO27RiV4jMdkI,50 Roger du Faubourg Saint-Honoré Roymouth 89844,0797654930,4823395192064
65e723db2b05f3456f8e3d2a,323,Clara,David,ClaraDavid@gmail.com,uGnOVTihpqL9r8P,46 Barbier Du Sommerard Créteil 94301,0697577793,3008-421621-0348
65e723db2b05f3456f8e3d2b,324,Baptiste,Lambert,BaptisteLambert@yahoo.com,IJ9QFwqSLDFxD7h,50 Edmée d'Alésia Port Eubert 95602,0754268314,6586-6274-7084-7438-7896
65e723db2b05f3456f8e3d2c,325,Anastase,Colin,AnastaseColin@gmail.com,JzHXhZwKR7zb1nH,16 Noel Mouffetard Port Arianeville 30230,0668060976,3426-494044-29323
65e723db2b05f3456f8e3d2d,326,Japhet,Maillard,JaphetMaillard@hotmail.com,fAohX7ZIcHhw276,27 Masson des Francs-Bourgeois Levallois-Perret 61132,0726150527,6455-5849-3736-2251
65e723db2b05f3456f8e3d2e,327,Bénédicte,Lopez,BénédicteLopez@gmail.com,2Tr6kV9SmImgFs5,57 Fiacre de Rivoli Leclercqport 80434,0687421571,3681-761969-4836
65e723db2b05f3456f8e3d2f,328,Évelyne,Bernard,ÉvelyneBernard@hotmail.com,YjpVfzxACebVSoZ,01 Fournier de la Victoire Adenetton 77439,0743299015,3577-3734-2267-8516
65e723db2b05f3456f8e3d30,329,Richard,Fontaine,RichardFontaine@hotmail.com,BxAJAR7a0V6D3Qi,72 Florie de l'Odéon Mulhouse 69809,0788714598,4586504440286
65e723db2b05f3456f8e3d31,330,Ange,Poirier,AngePoirier@yahoo.com,UCDlJhtm3PdlGvM,30 Giraud des Grands Augustins Port Cassandre 55100,0742356676,4829-3628-6507-7155
65e723db2b05f3456f8e3d32,331,Savin,Menard,SavinMenard@hotmail.com,2YROekhKzoZe6S9,49 Durand des Rosiers Port Louis 76732,0700896170,3529-2908-3108-6407
65e723db2b05f3456f8e3d33,332,Léon,Prevost,LéonPrevost@gmail.com,wZDFKX_dEaIKdde,37 Fantin Saint-Honoré Lefebvreview 36303,0659556258,3529-7959-6132-6902
65e723db2b05f3456f8e3d34,333,Hélier,Giraud,HélierGiraud@gmail.com,GoVeD04Z4vDDMV9,94 Aymard Charlemagne New Brigitteville 13871,0792517047,3030-848317-1396
65e723db2b05f3456f8e3d35,334,Félicité,Remy,FélicitéRemy@yahoo.com,5yIZzMMaAoQnpTe,39 Pons Oberkampf Bertrandland 53465,0660952407,6771 2381 7233 5263
65e723db2b05f3456f8e3d36,335,Angadrême,Perrot,AngadrêmePerrot@gmail.com,x1fzuPM8cmu1fP5,99 Élisabeth de Rivoli Lorient 02897,0647073504,6767-2049-6954-0907
65e723db2b05f3456f8e3d37,336,Benoît,Aubert,BenoîtAubert@yahoo.com,nnmMlLQJcu0uO01,52 Herbert d'Orsel North Eusèbeton 13615,0702220128,6759-8961-2205-2234-07
65e723db2b05f3456f8e3d38,337,Virginie,Berger,VirginieBerger@hotmail.com,S8MTohJnVA23BxQ,52 Corinne des Rosiers Adamtown 50186,0737395877,6767-1812-4772-9631-73
65e723db2b05f3456f8e3d39,338,Germaine,Gautier,GermaineGautier@hotmail.com,Q724mJ_OczoasIU,72 Guyot Saint-Dominique Carpentierside 05051,0638108006,3002-297584-9064
65e723db2b05f3456f8e3d3a,339,Anicet,Lopez,AnicetLopez@yahoo.com,wLJYCyOPVWxVPyp,99 Laine de l'Abbaye Timbury 36696,0732368655,3528-8432-1313-1143
65e723db2b05f3456f8e3d3b,340,Philippine,Henry,PhilippineHenry@yahoo.com,lIyJIEoDKNJ7ywt,77 Faure d'Alésia Port Candide 38343,0667019187,6767-3899-3220-1131-805
65e723db2b05f3456f8e3d3c,341,Eugénie,Brunet,EugénieBrunet@yahoo.com,V5aJlsWqaenplYR,98 Cédric Saint-Honoré South Évelyne 76013,0705612245,6372-4524-7673-5903
65e723db2b05f3456f8e3d3d,342,Gerberge,Marchand,GerbergeMarchand@yahoo.com,oyc0236bNeLglNf,53 Lemoine d'Orsel Gerardfort 61110,0799084212,6759-3783-4466-9720-067
65e723db2b05f3456f8e3d3e,343,Léon,Perez,LéonPerez@yahoo.com,6zxwYFn302KLEAx,36 Rémi d'Orsel Port Althéeville 40879,0740060808,6373-3937-5970-7952
65e723db2b05f3456f8e3d3f,344,Quintia,Leclerc,QuintiaLeclerc@gmail.com,Nz_kB8xIr9KRqLz,94 Aymon des Grands Augustins East Eustacheberg 92177,0762295793,6706 0690 3584 8680462
65e723db2b05f3456f8e3d40,345,Prudence,Marchand,PrudenceMarchand@yahoo.com,jDq894VZZEfs1C5,15 Pénélope des Saussaies Montreuil 70540,0668532458,6767-8267-6680-3268-42
65e723db2b05f3456f8e3d41,346,Gaspar,Richard,GasparRichard@yahoo.com,dL2NWlDsP61TI8Y,72 Clement La Boétie Lake Aude 83607,0730803615,3446-142604-40562
65e723db2b05f3456f8e3d42,347,Clara,Lemaire,ClaraLemaire@gmail.com,M2zKUSR3SiKEOsT,99 Richard des Panoramas Cayenne 02873,0772220665,3759-351530-44534
65e723db2b05f3456f8e3d43,348,Marceau,Fournier,MarceauFournier@hotmail.com,1DnXbM4W5uTbdsv,63 Chrétien de Presbourg Dunkerque 62777,0670699123,6767-5876-6375-3967-096
65e723db2b05f3456f8e3d44,349,Astride,Fabre,AstrideFabre@hotmail.com,T6aQsaV40lpzYEC,84 Robin Zadkine South Solangetown 22625,0796392204,6399-8254-9272-5641
65e723db2b05f3456f8e3d45,350,Cyriaque,Lefebvre,CyriaqueLefebvre@yahoo.com,VCANGVrB8tRUH8o,49 Dupuis des Francs-Bourgeois Désirébury 97862,0713364319,3563-2503-0887-9125
65e723db2b05f3456f8e3d46,351,Corentine,Nicolas,CorentineNicolas@gmail.com,bpSr3kSIbYN8byU,68 Leclercq Saint-Dominique Clermont-Ferrand 30010,0767579334,4087-4434-6444-8657
65e723db2b05f3456f8e3d47,352,Johan,Picard,JohanPicard@gmail.com,B0SM8FyzZe4AcHJ,30 Gaston de la Bûcherie New Isabeaushire 55350,0698013210,6759-9864-0844-1448
65e723db2b05f3456f8e3d48,353,Adel,Sanchez,AdelSanchez@gmail.com,lJEBeoNpCwEw_qM,19 Cousin du Chat-qui-Pêche Simonfurt 85022,0654971303,6767-0495-0854-7968
65e723db2b05f3456f8e3d49,354,Hardouin,Olivier,HardouinOlivier@hotmail.com,zWi9tcqelhmpVYG,62 Dupuy d'Alésia Hubertmouth 36092,0787722768,6771 0374 8605 9411
65e723db2b05f3456f8e3d4a,355,Douce,Aubert,DouceAubert@hotmail.com,bSdNBeLHAmG1RGM,70 Huet des Panoramas Lerouxtown 12266,0787302775,3470-439065-72575
65e723db2b05f3456f8e3d4b,356,Julien,Charles,JulienCharles@gmail.com,3dQrcYdoQnnC6pX,05 Marie de la Ferronnerie Nice 32336,0660785562,5482-6574-1526-4513
65e723db2b05f3456f8e3d4c,357,Adalsinde,Dupont,AdalsindeDupont@hotmail.com,iM7egA5Rd5xo0tt,04 Alcide Pastourelle New Nathalie 11841,0761748245,3529-6179-3904-0658
65e723db2b05f3456f8e3d4d,358,Julie,Fabre,JulieFabre@gmail.com,OF3eQcbaMOzSbwF,68 Renault du Chat-qui-Pêche Nîmes 89850,0666683845,3479-773594-75996
65e723db2b05f3456f8e3d4e,359,Aubry,David,AubryDavid@yahoo.com,qPwj22TlunXtEp1,69 Débora des Grands Augustins Poirierborough 00625,0737591711,6709 6636 4890 962663
65e723db2b05f3456f8e3d4f,360,Athalie,Lambert,AthalieLambert@gmail.com,Udta_BZGOHjSgPE,23 Élise Marcadet West Christellehaven 98666,0759211597,6767-2440-2912-7863-65
65e723db2b05f3456f8e3d50,361,Réjean,Rolland,RéjeanRolland@hotmail.com,0Xq6BUTkycBFv4L,14 Léon de la Bûcherie Clermont-Ferrand 34852,0780325464,5244-7640-4055-3295
65e723db2b05f3456f8e3d51,362,Scholastique,Roche,ScholastiqueRoche@yahoo.com,fvp3aM84AzkU920,10 Émeline d'Alésia Duvalhaven 23964,0768067661,6709 1538 5698 4824
65e723db2b05f3456f8e3d52,363,Célestin,Gerard,CélestinGerard@yahoo.com,PL01RE4KWj4KAVB,75 Joël de la Paix New Menceburgh 36317,0705953176,6491-6269-0412-9359-8619
65e723db2b05f3456f8e3d53,364,Alpinien,Nguyen,AlpinienNguyen@gmail.com,VOfHybcpWXCe1zj,75 Marchand de Seine Port Dominiquefurt 61303,0620389339,6759 5012 3944 2741925
65e723db2b05f3456f8e3d54,365,Nadine,Dupont,NadineDupont@yahoo.com,CouADzDZlS95Le5,48 Clio de l'Odéon Savinmouth 56397,0745578036,6371-6379-4725-4927
65e723db2b05f3456f8e3d55,366,Adélaïde,Paul,AdélaïdePaul@gmail.com,kgpKJOeP6v1D3_e,55 Dufour de Presbourg Meyerville 04329,0655109547,6706 0566 0985 0746
65e723db2b05f3456f8e3d56,367,Rachid,Francois,RachidFrancois@hotmail.com,r1HjQodheZrvKb5,53 Gautier d'Assas Brunfort 06596,0786383942,6771 0403 4903 7438
65e723db2b05f3456f8e3d57,368,Améthyste,Fontaine,AméthysteFontaine@hotmail.com,eoOIAbodKTaystX,87 Ernest Saint-Honoré Yvesmouth 42404,0713874677,6767-5827-6454-2993-58
65e723db2b05f3456f8e3d58,369,"Florent,",Lecomte,"Florent,Lecomte@hotmail.com",Fn9XCTw4j2RyNOw,69 Dumont Laffitte Raphaëlmouth 19903,0724912183,3013-463807-5173
65e723db2b05f3456f8e3d59,370,Annette,Charpentier,AnnetteCharpentier@hotmail.com,eJjxbqIOPmvB4Ya,87 Théodore La Boétie Lake Anthelmettefort 64761,0757350893,3763-538720-27662
65e723db2b05f3456f8e3d5a,371,Alpinien,Mercier,AlpinienMercier@yahoo.com,qDykDtmy5GQntO_,09 Clotaire de la Paix Mauricettebury 57626,0617062307,6762 7094 3287 476940
65e723db2b05f3456f8e3d5b,372,Astride,Blanc,AstrideBlanc@hotmail.com,obUR4OkS6DylX78,02 Anthelmette de Vaugirard Nguyenfurt 30273,0730510993,6771 2302 0485 5305
65e723db2b05f3456f8e3d5c,373,Eugénie,Aubry,EugénieAubry@gmail.com,OQ2HbiNO3ALvBKJ,73 Suzon des Rosiers South Jocelyne 79865,0743917957,6709 4741 2292 3921947
65e723db2b05f3456f8e3d5d,374,Jade,Gautier,JadeGautier@hotmail.com,DsBHZXHYV9SXI8y,22 Fulcran de la Bûcherie East Arthurineberg 72389,0735970930,3452-414769-21725
65e723db2b05f3456f8e3d5e,375,Ombline,Thomas,OmblineThomas@yahoo.com,0ejsllNWyCYBaa8,10 Orlane de la Harpe Bartiméehaven 95297,0680121683,3674-299110-5540
65e723db2b05f3456f8e3d5f,376,Lazare,Jacquet,LazareJacquet@gmail.com,XGCxNW19_nd1nu4,32 Fontaine Mouffetard Reims 07092,0603129588,3028-128436-2985
65e723db2b05f3456f8e3d60,377,Arnould,Dumont,ArnouldDumont@gmail.com,UxR7vWLrOMcQANH,94 Charlemagne Bonaparte East Alexineberg 38015,0648772804,5020-2343-7355-0654
65e723db2b05f3456f8e3d61,378,Adenet,Cousin,AdenetCousin@gmail.com,GC7VfvnbnQ5YrhM,11 Dimitri de Vaugirard North Adriennefurt 30190,0706624362,5138-7868-2540-8117
65e723db2b05f3456f8e3d62,379,Adjutor,Fleury,AdjutorFleury@yahoo.com,jZWJ6z6Ysz44cRX,50 Sixte de la Huchette Ismériemouth 27821,0615096831,6771-8983-2672-5416
65e723db2b05f3456f8e3d63,380,Agneflète,Guyot,AgneflèteGuyot@yahoo.com,XVj7h1HO8IADG6a,74 Roche de Vaugirard West Sébastienmouth 57541,0761295258,6759-7874-4419-7401-736
65e723db2b05f3456f8e3d64,381,Alcine,Dupont,AlcineDupont@gmail.com,JgfTZJWzi4nEx5M,52 Benoit Pierre Charron Les Abymes 59617,0640078202,6767-3921-7601-6373
65e723db2b05f3456f8e3d65,382,Solange,Renaud,SolangeRenaud@hotmail.com,coNTI9nF5impRta,83 Leclerc du Faubourg Saint-Honoré South Fleurfort 75556,0742744835,4615911193642
65e723db2b05f3456f8e3d66,383,Émeric,Gaillard,ÉmericGaillard@hotmail.com,io0sGKP2DZDCzwg,53 Adonis de l'Odéon West Mélanie 70619,0695281082,5529-4674-7550-3492
65e723db2b05f3456f8e3d67,384,Nicolas,Olivier,NicolasOlivier@yahoo.com,Rk5nSi8Dd_dWZhD,62 Isabelle Pierre Charron Tancrèdebury 49370,0618205545,6771-8933-2587-7631
65e723db2b05f3456f8e3d68,385,Azalée,Blanc,AzaléeBlanc@hotmail.com,A4SpjzR_ApJYgAL,49 Aaron Bonaparte Alexandrineborough 97286,0653370601,3697-253152-2037
65e723db2b05f3456f8e3d69,386,Iseult,Aubry,IseultAubry@hotmail.com,a9t911Zhtd86O_L,62 Bernard Pierre Charron Barbierview 68541,0716674098,6453-6266-1573-7468-1406
65e723db2b05f3456f8e3d6a,387,Hildebert,Guillot,HildebertGuillot@yahoo.com,UjDn3o18J6IdKnw,97 Masson de Seine South Martial 05400,0769168125,3012-376030-2956
65e723db2b05f3456f8e3d6b,388,Nicéphore,Louis,NicéphoreLouis@hotmail.com,Y8ljaIEkeCpDkWO,19 Clement Marcadet Villejuif 25067,0698749596,6771-8914-9759-4154
65e723db2b05f3456f8e3d6c,389,Barnabé,Dupuis,BarnabéDupuis@hotmail.com,5_P022AHqe6m4MA,66 Élisée d'Orsel Jacquetshire 78265,0784377776,3438-604051-87912
65e723db2b05f3456f8e3d6d,390,Azeline,Dupuy,AzelineDupuy@gmail.com,3Hb_QkHD1alVYgv,38 Clotilde La Boétie Arnaudport 77851,0775863834,6767-1270-1645-2508-561
65e723db2b05f3456f8e3d6e,391,Lucien,Marchand,LucienMarchand@yahoo.com,rMmZvsXVx9ykxyF,64 Barre du Bac Bourges 13019,0652511868,6771-8961-4428-9744
65e723db2b05f3456f8e3d6f,392,Clotaire,Blanchard,ClotaireBlanchard@yahoo.com,1EelRlT7LWpceXP,90 Thibert d'Alésia Da silvafort 18111,0608006001,6759-8651-1044-0066-34
65e723db2b05f3456f8e3d70,393,Azalée,Bourgeois,AzaléeBourgeois@yahoo.com,P6bT9NYgi5tB9w5,89 Nine des Saussaies Petitport 34397,0780261946,5020-2813-5983-1446
65e723db2b05f3456f8e3d71,394,Moïsette,Henry,MoïsetteHenry@yahoo.com,4ofLv3ImRYMIlHQ,34 Paul Saint-Jacques North Agnanshire 32022,0782236322,3013-995171-6947
65e723db2b05f3456f8e3d72,395,Aimable,Guerin,AimableGuerin@hotmail.com,pf4po2h1CduNAp2,07 Laurène Saint-Honoré Villejuif 28543,0763662363,3404-362066-84026
65e723db2b05f3456f8e3d73,396,Christophe,Arnaud,ChristopheArnaud@gmail.com,nBJnKOpASkKWGrG,72 Pons de Caumartin Sarcelles 91899,0749967760,3034-518497-1250
65e723db2b05f3456f8e3d74,397,Swassane,Laurent,SwassaneLaurent@hotmail.com,oC052BB0P6ZfsZR,88 Giraud de Tilsitt South Sigismond 66956,0661775346,3580-0737-2226-9193
65e723db2b05f3456f8e3d75,398,Amélie,Gautier,AmélieGautier@gmail.com,OBoj6ErjdHkvb2p,63 Maguelone Zadkine Port Fantinside 12781,0704345217,6771 5444 9185 2947070
65e723db2b05f3456f8e3d76,399,Clarence,Lemaire,ClarenceLemaire@hotmail.com,Fkdld5fk8UtwqWb,32 Legrand Delesseux Henrymouth 41201,0702369319,6767-8103-4689-3397-397
65e723db2b05f3456f8e3d77,400,Victorin,Arnaud,VictorinArnaud@gmail.com,pDnO3K4cTcFNs_x,77 Aurore Laffitte Clarabury 56423,0771840764,3529-5582-4230-3140
65e723db2b05f3456f8e3d78,401,Aimé,Caron,AiméCaron@gmail.com,kEZ06UBhyQByE6O,97 Lydie d'Abbeville Dumasstad 80413,0645585354,6384-7917-0950-1180
65e723db2b05f3456f8e3d79,402,Aurèle,Rey,AurèleRey@hotmail.com,s01mqFRPK8dp2OX,31 Alban de Rivoli Calais 06710,0779169734,3480-878775-41391
65e723db2b05f3456f8e3d7a,403,Alexis,Gautier,AlexisGautier@gmail.com,IYmFWVUsz31Wl7u,08 Alix Pastourelle Lerouxbury 79883,0622301439,5020 9871 7173 3655
65e723db2b05f3456f8e3d7b,404,Damien,Dubois,DamienDubois@yahoo.com,cOwJU2gl629h0Yy,82 Meyer Laffitte New Marcelinton 86028,0643843928,6759-1705-5633-9669-45
65e723db2b05f3456f8e3d7c,405,Marthe,Leclercq,MartheLeclercq@yahoo.com,6slTBcIFOBqS98V,63 Charlaine d'Argenteuil East Rebecca 08658,0731406982,6767-1915-1680-5256-92
65e723db2b05f3456f8e3d7d,406,Aymon,Robin,AymonRobin@hotmail.com,BAnjLFLJ7VQFvLv,45 Quintia Pierre Charron East Maxime 05651,0612583861,6381-4815-4546-2426
65e723db2b05f3456f8e3d7e,407,Norbert,Bertrand,NorbertBertrand@hotmail.com,zdJ6WAcGCSyHri0,76 Dupont du Chat-qui-Pêche East Hubert 58375,0701524119,3564-5675-1955-2626
65e723db2b05f3456f8e3d7f,408,Yvette,Meunier,YvetteMeunier@yahoo.com,0FOZLWCgcmg08ZL,10 Pulchérie Saint-Bernard New Oriande 34259,0610365396,6706 4313 9394 9060034
65e723db2b05f3456f8e3d80,409,Catherine,Francois,CatherineFrancois@yahoo.com,eUgGdPSsy1dscsJ,46 Audrey de Caumartin Lake Élisabeth 09632,0711002693,5893-3567-7990-4876
65e723db2b05f3456f8e3d81,410,Martial,Jean,MartialJean@gmail.com,2Dls6nLECsgCnh0,62 Nadège du Faubourg-Saint-Denis Port Amaryllis 64705,0679419937,6371-0689-5770-3155
65e723db2b05f3456f8e3d82,411,Anicée,Poirier,AnicéePoirier@gmail.com,MgonzjoKQub5iaC,33 Fabre Oberkampf Robertshire 12535,0660725038,6767-2132-2053-4260-190
65e723db2b05f3456f8e3d83,412,Ariane,Renaud,ArianeRenaud@gmail.com,hCiLhqvwgcWx15g,98 Philippe d'Alésia New Claudine 40802,0791952702,3012-345906-0475
65e723db2b05f3456f8e3d84,413,Gisèle,Rodriguez,GisèleRodriguez@hotmail.com,iInvpbxn2LHEMuN,68 Arnaud du Dahomey East Élise 04496,0718613910,6767-3498-2705-2274
65e723db2b05f3456f8e3d85,414,Ansberte,Guillot,AnsberteGuillot@yahoo.com,BuatpagZOIuT6dH,91 Bernard de la Huchette Lake Ascension 15296,0695889195,6377-3191-2687-5339
65e723db2b05f3456f8e3d86,415,Coralie,Brun,CoralieBrun@hotmail.com,Nby9f5UzG02Fo1o,91 Jean de l'Abbaye Zoévaland 79335,0604241401,6759-1333-2566-6714
65e723db2b05f3456f8e3d87,416,Roméo,Barre,RoméoBarre@gmail.com,ovHVk8YZ9jvw5Wq,30 Célien d'Orsel East Valère 60945,0673627433,3458-576664-37497
65e723db2b05f3456f8e3d88,417,Hippolyte,Boyer,HippolyteBoyer@gmail.com,wqVyHTwjMTnQBFr,37 Paris des Lombards New Dorine 57594,0699128057,3528-3009-2118-0940
65e723db2b05f3456f8e3d89,418,Janine,Nguyen,JanineNguyen@hotmail.com,w87Wz2WsL38sfxB,55 Chilpéric Saint-Bernard New Aymondeshire 72511,0694698729,6575-6262-1197-9200-7813
65e723db2b05f3456f8e3d8a,419,Fabien,Moreau,FabienMoreau@hotmail.com,oZMEbJq1DzUInZQ,80 Barre Montorgueil Lake Léopold 22002,0737104606,3528-6844-4156-3756
65e723db2b05f3456f8e3d8b,420,Léonne,Jacquet,LéonneJacquet@gmail.com,s_yqzRPNbel9J9M,98 Bastien de la Ferronnerie South Philibert 65232,0790543272,5475-6909-2348-2799
65e723db2b05f3456f8e3d8c,421,Archange,Andre,ArchangeAndre@yahoo.com,TBnXtcaNa60uK0W,64 Marcelin de la Ferronnerie Port Jeannel 09684,0615324690,6771-8964-2358-6592
65e723db2b05f3456f8e3d8d,422,Ernestine,Bonnet,ErnestineBonnet@yahoo.com,0xNSBJ8Tk17aCxP,64 Laine de Paris West Évaristeview 33808,0675924317,6304 3909 5326 2608
65e723db2b05f3456f8e3d8e,423,Aleth,Julien,AlethJulien@hotmail.com,2RdRlBigMXgWGV5,73 France d'Argenteuil Dimitriberg 71298,0643656837,5448-9335-5667-6840
65e723db2b05f3456f8e3d8f,424,Janine,Da silva,JanineDa silva@hotmail.com,GC9W8dXvCZOmBWU,96 Acanthe des Grands Augustins Schmitthaven 12178,0607226023,6759-1730-1109-8550
65e723db2b05f3456f8e3d90,425,Jeannot,Da silva,JeannotDa silva@gmail.com,U18uXNT4HHRdTqo,62 Bernard de la Huchette Francineton 84729,0700695764,6759-8795-6567-8054
65e723db2b05f3456f8e3d91,426,Bénigne,Martin,BénigneMartin@gmail.com,bxdUYWR6nrcP9HI,81 Poirier Laffitte Aiméeport 03939,0662292535,6771-8923-6813-2845
65e723db2b05f3456f8e3d92,427,Barthélemy,Huet,BarthélemyHuet@hotmail.com,PAXbBSMlrFnUZ8s,46 Fernandez Molière New Blandineside 50691,0739161256,6377-9748-2174-1828
65e723db2b05f3456f8e3d93,428,Gatien,Dubois,GatienDubois@yahoo.com,PE8In7FtQpq82JK,15 Lopez de l'Odéon Besançon 33697,0644492429,4478-1620-7050-0890
65e723db2b05f3456f8e3d94,429,Olympe,Schmitt,OlympeSchmitt@yahoo.com,RmN2c1jliYXSOaX,07 Le gall Delesseux East Zéphirinshire 08762,0611408247,6709 3005 7865 3437
65e723db2b05f3456f8e3d95,430,Ysaline,David,YsalineDavid@gmail.com,ev1l42S95bGDRAr,36 Florestan Saint-Denis Zéphirinbury 68051,0728820178,6397-6726-1326-7533
65e723db2b05f3456f8e3d96,431,Adolphe,Royer,AdolpheRoyer@gmail.com,4VpIwFORc9pFqpt,96 Philothée des Francs-Bourgeois Port Inèsshire 38130,0686847048,3577-2996-7511-1499
65e723db2b05f3456f8e3d97,432,Athina,Bertrand,AthinaBertrand@yahoo.com,o0l38Nw2m2oYpTL,57 Marchal de Paris West Angoustan 44771,0646220666,6759-6792-6027-1704
65e723db2b05f3456f8e3d98,433,Marine,Roche,MarineRoche@hotmail.com,PeNvkcXxDrAkot4,67 Jocelyne Saint-Séverin Toulon 11019,0694383323,6771-8983-0162-3636
65e723db2b05f3456f8e3d99,434,Réjean,Laurent,RéjeanLaurent@yahoo.com,ZBySurm352j4HDf,34 Pépin Saint-Séverin Nanterre 33707,0658852668,6767-0881-5675-0510
65e723db2b05f3456f8e3d9a,435,Aurian,Rousseau,AurianRousseau@yahoo.com,_FFz6LJZpgpAmHP,68 Maillard de Caumartin Laurèneburgh 47974,0735384865,6767-6741-3764-1110-245
65e723db2b05f3456f8e3d9b,436,Clélie,Le roux,ClélieLe roux@gmail.com,ISM7xYu_cKGFd9l,78 Baron Adolphe Mille South Ariantown 20325,0726143332,3473-308941-92813
65e723db2b05f3456f8e3d9c,437,Nine,Garnier,NineGarnier@gmail.com,67qMxPbVxmSAbYv,12 Aphélie du Havre Petitberg 00205,0762703454,6767-6643-3735-1011-23
65e723db2b05f3456f8e3d9d,438,Débora,Robert,DéboraRobert@yahoo.com,WSaV_88kw2eWVZp,34 Quentin Marcadet Margueritetown 49401,0640860489,3459-306106-51727
65e723db2b05f3456f8e3d9e,439,Camille,Fabre,CamilleFabre@yahoo.com,ilb1nIoW9SVYYc6,37 Roche des Saussaies Vincenttown 23992,0731035915,6771-8939-3651-1332
65e723db2b05f3456f8e3d9f,440,Adonis,Garcia,AdonisGarcia@hotmail.com,j9jlExrriTW2xOj,20 Anthelmette Saint-Jacques Angoustanbury 70834,0743480850,3529-3491-4126-8861
65e723db2b05f3456f8e3da0,441,Quintia,Huet,QuintiaHuet@hotmail.com,YOD8MfQBi8ultQs,62 Alexandrine du Faubourg-Saint-Denis Robinchester 99357,0600136251,6567-3775-0848-1666
65e723db2b05f3456f8e3da1,442,Quentin,Gaillard,QuentinGaillard@yahoo.com,ZEZZvSIJ0sUG6ox,52 Régine Du Sommerard Champigny-sur-Marne 00989,0676160952,6706 8452 8644 863600
65e723db2b05f3456f8e3da2,443,Naudet,Giraud,NaudetGiraud@yahoo.com,rPwfp6EN3nfpgsK,80 Bernadette d'Abbeville Rollandburgh 55438,0605137281,6771-8963-0723-9037
65e723db2b05f3456f8e3da3,444,Léonne,Lambert,LéonneLambert@gmail.com,SbQbLZKKf9PCBlt,12 Girard de Solférino Le rouxbury 21063,0657850539,6771-8968-9714-6554
65e723db2b05f3456f8e3da4,445,Élodie,Blanchard,ÉlodieBlanchard@hotmail.com,268CWZgQEpCHWmX,57 Charles du Chat-qui-Pêche South Pierrefort 08077,0697042344,6371-0433-7593-1478
65e723db2b05f3456f8e3da5,446,Charlotte,Royer,CharlotteRoyer@yahoo.com,WPCgMpEv8CeRWdC,90 Silvère Montorgueil West Christiane 15379,0740552906,6771-8939-2666-8116
65e723db2b05f3456f8e3da6,447,Romain,Rolland,RomainRolland@gmail.com,XIY3BKNyUwUpj6H,43 Simon Laffitte Caronberg 37357,0710371673,6706 9405 5727 8935
65e723db2b05f3456f8e3da7,448,Agrippine,Jacquet,AgrippineJacquet@hotmail.com,RJDYQJnaH9kMx4a,04 Dupuis de Solférino Grenoble 21150,0637986215,4771-4094-6879-0363
65e723db2b05f3456f8e3da8,449,Mallaury,Mercier,MallauryMercier@gmail.com,sxcEcAbN5pma9Ws,30 Jacques des Grands Augustins Axelhaven 86589,0761661109,5507-2827-6736-8423
65e723db2b05f3456f8e3da9,450,Évrard,Charles,ÉvrardCharles@gmail.com,M_4BMZTEgtUKgv0,58 Renaud de la Victoire South Aristide 76475,0643641467,3632-253920-0337
65e723db2b05f3456f8e3daa,451,Jehanne,Dumont,JehanneDumont@gmail.com,0XFXYmo54MrMaHg,60 Melchior Laffitte East Carine 32148,0699772097,6304-2541-3654-4332
65e723db2b05f3456f8e3dab,452,Jeannot,Remy,JeannotRemy@gmail.com,vv8r598LIt12pTv,24 Brunet des Saussaies Lake Annonciadeville 11837,0680610581,4492163934457
65e723db2b05f3456f8e3dac,453,Cléandre,Dupont,CléandreDupont@gmail.com,NT3ps0fc_lCU7eD,29 Ségolène du Chat-qui-Pêche East Alizéberg 37889,0752797349,3438-333494-30052
65e723db2b05f3456f8e3dad,454,Anceline,Berger,AncelineBerger@gmail.com,yusqLUSsv9SUKZL,12 Abdonie du Faubourg Saint-Honoré Lake Maximilienstad 61255,0740253862,5548-3673-4447-9503
65e723db2b05f3456f8e3dae,455,Alcidie,Denis,AlcidieDenis@yahoo.com,dN_NhU0VdDVc8S8,75 Guerin Charlemagne Antony 15235,0764006475,3759-952192-87949
65e723db2b05f3456f8e3daf,456,Jonathan,Gauthier,JonathanGauthier@gmail.com,bfg9xUdH9PzfCGN,23 Hervé Delesseux Marchandshire 25226,0682799487,6706 5761 4522 4676
65e723db2b05f3456f8e3db0,457,Élodie,Bonnet,ÉlodieBonnet@yahoo.com,xH6FaRATkqORq25,58 Laine du Chat-qui-Pêche Moulintown 61362,0795401763,5893-9908-7913-7292
65e723db2b05f3456f8e3db1,458,Marceau,Moreau,MarceauMoreau@yahoo.com,E5PeqkEFAAwNMeZ,14 Dumas Monsieur-le-Prince Audebury 41788,0788558857,3691-336224-7795
65e723db2b05f3456f8e3db2,459,Aleaume,Nicolas,AleaumeNicolas@yahoo.com,RUobtZoAWLgjTwY,37 Alexandre d'Assas Roubaix 61029,0621432994,6374-1979-0633-0993
65e723db2b05f3456f8e3db3,460,Richard,Lemoine,RichardLemoine@gmail.com,0HLYdKWt3TrgAvd,95 Sanchez Du Sommerard Gonzaguemouth 68304,0766227940,6386-2973-9779-3780
65e723db2b05f3456f8e3db4,461,Garance,Royer,GaranceRoyer@gmail.com,ti70D00dkFnKjL4,58 Thomas de la Paix Lake Honoré 26560,0752454338,3529-1487-5170-9087
65e723db2b05f3456f8e3db5,462,Ophélie,Sanchez,OphélieSanchez@yahoo.com,xBInG3axvVVyTgQ,65 Brunehilde de Provence South Doriane 62022,0601175934,6759-0109-0060-6748-143
65e723db2b05f3456f8e3db6,463,Bon,Laine,BonLaine@yahoo.com,4DCV6eAJeLxsIYk,80 Aubry de Seine Chambéry 88882,0758231956,3604-342478-0399
65e723db2b05f3456f8e3db7,464,Éliane,Jacquet,ÉlianeJacquet@gmail.com,UCrx3BgnFZyTYwx,21 Fabien Saint-Honoré Fleurychester 52163,0700615266,6771-8927-6405-2896
65e723db2b05f3456f8e3db8,465,Arian,Aubry,ArianAubry@gmail.com,Kyt6LBc9Ylxv3_e,74 Colin d'Assas Limoges 76297,0626815449,6771-8906-7564-0536
65e723db2b05f3456f8e3db9,466,Gustavine,Laine,GustavineLaine@gmail.com,BWTiZjQ4HRepof4,65 Benoit de Paris Le Havre 28811,0787005164,6372-7383-5433-2023
65e723db2b05f3456f8e3dba,467,Annonciade,Bonnet,AnnonciadeBonnet@gmail.com,wTAEHPKgwUAOJa5,71 Athanasie du Bac East Adrienberg 07063,0762276912,6470-9001-0863-9942
65e723db2b05f3456f8e3dbb,468,Jourdain,Fernandez,JourdainFernandez@hotmail.com,G2ApC76URAwyhsS,51 Richard de Seine Lake Alpinien 79736,0612240594,3798-703627-29714
65e723db2b05f3456f8e3dbc,469,Alverède,Baron,AlverèdeBaron@hotmail.com,e3mu4lkBl5NiEpe,51 Geneviève du Havre Asnières-sur-Seine 98724,0717855369,4432-5322-6323-4658
65e723db2b05f3456f8e3dbd,470,Georges,Carpentier,GeorgesCarpentier@hotmail.com,DJgpc9tgQ5nIZ38,58 Adrastée Laffitte Port Agnèsport 84774,0654141476,3499-995800-21876
65e723db2b05f3456f8e3dbe,471,Dorian,Sanchez,DorianSanchez@gmail.com,g2_MM51mxp1yKeQ,17 Audeline de la Huchette Courbevoie 77007,0702228441,6759-3562-3321-5175-89
65e723db2b05f3456f8e3dbf,472,Eugène,Mathieu,EugèneMathieu@gmail.com,1sGDbSbKFFbdo5k,16 Nicolas de Nesle Richardland 91299,0709242990,6381-2247-3313-5164
65e723db2b05f3456f8e3dc0,473,Viviane,Gaillard,VivianeGaillard@yahoo.com,opzLVKZ62fvZ0up,31 Marty Mouffetard Bourges 91126,0604954126,4517-0330-0911-8240
65e723db2b05f3456f8e3dc1,474,Élia,Boyer,ÉliaBoyer@hotmail.com,usLBASzoqJ7rccr,63 Gonzalez Saint-Séverin East Sandra 84444,0620844995,3784-399105-96392
65e723db2b05f3456f8e3dc2,475,Sandra,Laine,SandraLaine@hotmail.com,HEYs9RySiMGyBAd,34 Japhet Mouffetard North Célien 93761,0621508858,6395-8361-8194-2643
65e723db2b05f3456f8e3dc3,476,Aldonce,Renault,AldonceRenault@yahoo.com,RO3FsbfnKhtLPWp,95 Colin Montorgueil East Aliénormouth 60673,0664350816,3013-281305-4734
65e723db2b05f3456f8e3dc4,477,Bénédicte,Remy,BénédicteRemy@hotmail.com,7jST8L86r08ZJIj,88 Dorine Oberkampf Le Tampon 17412,0741778666,4939351003121
65e723db2b05f3456f8e3dc5,478,Sibylle,Brun,SibylleBrun@gmail.com,VpqwXc9Btmeizbj,71 Angilran de Vaugirard Constanceburgh 52520,0748602718,3496-866282-80358
65e723db2b05f3456f8e3dc6,479,Sixtine,Olivier,SixtineOlivier@gmail.com,8rgbBlM9svh31yB,77 Olivier Molière Cannes 83803,0716824520,6378-3695-5556-1075
65e723db2b05f3456f8e3dc7,480,Adel,Faure,AdelFaure@hotmail.com,NTwByjI64OkF3xd,16 Cousin de la Huchette Luciehaven 45909,0798603242,6304 9567 6115 7620
65e723db2b05f3456f8e3dc8,481,Arsènie,Lemoine,ArsènieLemoine@yahoo.com,csH6PX8wrSvs6N4,39 Lucas de Richelieu New Zoéva 91289,0623821195,6709 8701 3106 6822
65e723db2b05f3456f8e3dc9,482,Jehanne,Lopez,JehanneLopez@gmail.com,gr7S0PnHuAhvrJR,48 Morel Zadkine South Aloyseview 70189,0639204597,6759-7446-3329-8519
65e723db2b05f3456f8e3dca,483,Pascale,Fournier,PascaleFournier@gmail.com,BiPprJI57zBYd2L,08 Élisabeth Saint-Honoré Laurafort 64385,0769913316,6759-1222-2110-2003-326
65e723db2b05f3456f8e3dcb,484,Gerbert,Charles,GerbertCharles@yahoo.com,banae7i_qJaL1LV,81 Denis des Rosiers Issy-les-Moulineaux 72902,0795380266,6388-4109-1591-2772
65e723db2b05f3456f8e3dcc,485,Arthaud,Arnaud,ArthaudArnaud@yahoo.com,xUeqy8PqKeS8_Ei,75 Thomas Laffitte Tourcoing 34645,0694662087,6759-9735-4649-0465
65e723db2b05f3456f8e3dcd,486,Malo,Morel,MaloMorel@yahoo.com,64rfk_ZJZS8ypeU,06 Schneider de la Harpe Saint-Maur-des-Fossés 53246,0692771054,4022867942308
65e723db2b05f3456f8e3dce,487,Ursule,Lemaire,UrsuleLemaire@gmail.com,Rf3ds42Uar8DrM_,33 Archibald du Chat-qui-Pêche Lake Armeline 96054,0715819894,6011-6207-4854-9827-3128
65e723db2b05f3456f8e3dcf,488,Alphonse,Fontaine,AlphonseFontaine@yahoo.com,o417HWgNas7Ixq8,14 Véronique des Lombards Port Janinefurt 38554,0638943785,5414-1269-3735-4415
65e723db2b05f3456f8e3dd0,489,Clément,Lucas,ClémentLucas@yahoo.com,LbU1L15Vo32Hz6m,92 Joséphine Lepic South Clarenceburgh 95895,0736482686,6709 2382 9228 0343150
65e723db2b05f3456f8e3dd1,490,Magali,Poirier,MagaliPoirier@yahoo.com,fOPeir_DivsxP9z,42 Adam de Paris New Chloé 16497,0744009613,6767-8468-9242-5820-44
65e723db2b05f3456f8e3dd2,491,Évangéline,Bernard,ÉvangélineBernard@yahoo.com,Bz1ONHbAH6wMFtv,59 Fontaine de la Pompe East Élise 31381,0610813514,5299-0190-4630-1357
65e723db2b05f3456f8e3dd3,492,Ambroisie,Dumont,AmbroisieDumont@yahoo.com,w3B5WMgioV5p9Vw,07 Bérangère du Havre West Adenet 85123,0691855240,6767-2436-9819-6292
65e723db2b05f3456f8e3dd4,493,Auriane,Lambert,AurianeLambert@gmail.com,8ohdFhd7TyygWiQ,33 Marthe d'Orsel South Odonshire 02466,0688129184,6759-3593-0500-4000-516
65e723db2b05f3456f8e3dd5,494,Ariane,Duval,ArianeDuval@gmail.com,6GC1seVbD4DUssw,71 Ismérie Du Sommerard Mulhouse 89461,0760657746,5018-0677-0633-1501
65e723db2b05f3456f8e3dd6,495,Annibal,Arnaud,AnnibalArnaud@hotmail.com,jjbMJE0msRCBAcJ,07 Armand d'Abbeville Mullerton 88319,0731275615,6767-8768-5813-5646-51
65e723db2b05f3456f8e3dd7,496,Marianne,Menard,MarianneMenard@gmail.com,qGqXbnbq7fF_6WR,43 Waleran Delesseux Anicetside 51128,0629828617,6771 7825 7751 8074
65e723db2b05f3456f8e3dd8,497,Amélie,Lecomte,AmélieLecomte@hotmail.com,jEvh4aMyuUdY5U9,34 Gautier de la Pompe Royfurt 98558,0787999352,6370-9346-9137-9656
65e723db2b05f3456f8e3dd9,498,Paul,Robin,PaulRobin@gmail.com,JfnprWf_HyL50qI,28 Thomas Saint-Honoré Lille 68776,0612400114,6759-0492-3746-8258-48
65e723db2b05f3456f8e3dda,499,Rolande,Brun,RolandeBrun@yahoo.com,8VY3FQiBiV0ozr2,51 Lorrain de Caumartin Guillotland 69068,0734266177,4908757520162
65e723db2b05f3456f8e3ddb,500,Océane,Benoit,OcéaneBenoit@hotmail.com,UkAz7AymWXFwoe4,95 Baron des Rosiers West Morgane 21522,0730398929,5440-6295-8702-9464
